frame,t_s,est_X_mm,est_Y_mm,tracked_points,inlier_ratio,roi_visible,flags
0,0.0000,0.0217,0.0019,0,0.0000,0.6101,
1,0.0168,0.0217,0.0019,1998,1.0000,0.6101,
2,0.0337,0.0217,0.0019,1997,1.0000,0.6101,
3,0.0505,0.0216,0.0019,1998,1.0000,0.6100,
4,0.0673,0.0217,0.0019,2000,1.0000,0.6093,
5,0.0842,0.0205,0.0016,1999,0.9995,0.6093,
6,0.1010,0.0205,0.0016,1998,1.0000,0.6092,
7,0.1178,0.0205,0.0016,2000,1.0000,0.6099,
8,0.1347,0.0203,0.0015,2000,1.0000,0.6096,
9,0.1515,0.0202,0.0014,1999,1.0000,0.6100,
10,0.1684,0.0175,0.0014,1999,1.0000,0.6097,
11,0.1852,0.0175,0.0014,2000,1.0000,0.6087,
12,0.2020,0.0175,0.0014,1999,1.0000,0.6100,
13,0.2189,0.0175,0.0014,2000,1.0000,0.6100,
14,0.2357,0.0175,0.0015,2000,1.0000,0.6093,
15,0.2525,0.0175,0.0010,2000,1.0000,0.6093,
16,0.2694,0.0171,0.0010,1999,1.0000,0.6099,
17,0.2862,0.0171,0.0010,2000,1.0000,0.6099,
18,0.3030,0.0171,0.0010,2000,1.0000,0.6094,
19,0.3199,0.0165,0.0008,2000,1.0000,0.6087,
20,0.3367,0.0143,0.0004,2000,1.0000,0.6092,
21,0.3535,0.0143,0.0005,2000,1.0000,0.6087,
22,0.3704,0.0143,0.0006,2000,1.0000,0.6097,
23,0.3872,0.0143,0.0006,1999,1.0000,0.6099,
24,0.4041,0.0138,0.0005,1999,1.0000,0.6094,
25,0.4209,0.0136,0.0004,2000,1.0000,0.6087,
26,0.4377,0.0135,0.0005,2000,1.0000,0.6103,
27,0.4546,0.0135,0.0005,2000,1.0000,0.6100,
28,0.4714,0.0135,0.0005,1999,1.0000,0.6107,
29,0.4882,0.0132,0.0007,1998,1.0000,0.6091,
30,0.5051,0.0090,0.0002,1994,1.0000,0.6100,
31,0.5219,0.0090,0.0001,2000,1.0000,0.6100,
32,0.5387,0.0089,0.0001,2000,1.0000,0.6104,
33,0.5556,0.0088,0.0001,2000,1.0000,0.6103,
34,0.5724,0.0088,0.0001,2000,1.0000,0.6091,
35,0.5892,0.0084,0.0001,2000,1.0000,0.6092,
36,0.6061,0.0083,0.0001,2000,1.0000,0.6086,
37,0.6229,0.0082,0.0002,2000,1.0000,0.6103,
38,0.6398,0.0081,0.0002,2000,1.0000,0.6098,
39,0.6566,0.0080,0.0001,2000,1.0000,0.6100,
40,0.6734,0.0079,0.0001,2000,1.0000,0.6097,
41,0.6903,0.0080,0.0000,1999,1.0000,0.6102,
42,0.7071,0.0079,-0.0001,2000,1.0000,0.6100,
43,0.7239,0.0078,-0.0001,2000,1.0000,0.6102,
44,0.7408,0.0078,-0.0002,2000,1.0000,0.6097,
45,0.7576,0.0072,-0.0003,2000,1.0000,0.6098,
46,0.7744,0.0072,-0.0003,2000,1.0000,0.6100,
47,0.7913,0.0073,-0.0004,2000,1.0000,0.6089,
48,0.8081,0.0071,-0.0003,2000,1.0000,0.6097,
49,0.8249,0.0070,-0.0003,2000,1.0000,0.6100,
50,0.8418,0.0069,-0.0003,1999,1.0000,0.6086,
51,0.8586,0.0068,-0.0004,2000,1.0000,0.6094,
52,0.8755,0.0068,-0.0005,2000,1.0000,0.6087,
53,0.8923,0.0064,-0.0005,2000,1.0000,0.6093,
54,0.9091,0.0063,-0.0004,2000,1.0000,0.6102,
55,0.9260,0.0063,-0.0003,1999,1.0000,0.6101,
56,0.9428,0.0063,-0.0003,2000,1.0000,0.6100,
57,0.9596,0.0051,0.0004,1998,1.0000,0.6090,
58,0.9765,0.0051,0.0004,2000,1.0000,0.6086,
59,0.9933,0.0051,0.0003,2000,1.0000,0.6087,
60,1.0101,0.0012,-0.0005,1998,0.9995,0.6085,
61,1.0270,0.0012,-0.0005,2000,1.0000,0.6095,
62,1.0438,0.0012,-0.0004,2000,1.0000,0.6112,
63,1.0606,0.0012,-0.0007,2000,1.0000,0.6084,
64,1.0775,0.0012,-0.0007,2000,1.0000,0.6084,
65,1.0943,0.0010,-0.0006,2000,1.0000,0.6091,
66,1.1112,0.0011,-0.0006,2000,1.0000,0.6096,
67,1.1280,0.0011,-0.0006,2000,1.0000,0.6102,
68,1.1448,0.0011,-0.0006,2000,1.0000,0.6101,
69,1.1617,0.0011,-0.0006,2000,1.0000,0.6101,
70,1.1785,0.0009,-0.0008,2000,1.0000,0.6101,
71,1.1953,0.0009,-0.0008,2000,1.0000,0.6101,
72,1.2122,0.0009,-0.0009,2000,1.0000,0.6103,
73,1.2290,0.0010,-0.0009,2000,1.0000,0.6103,
74,1.2458,0.0011,-0.0009,2000,1.0000,0.6098,
75,1.2627,0.0009,-0.0009,1999,0.9995,0.6106,
76,1.2795,0.0009,-0.0009,2000,1.0000,0.6082,
77,1.2963,0.0010,-0.0007,2000,1.0000,0.6102,
78,1.3132,0.0010,-0.0007,2000,1.0000,0.6106,
79,1.3300,0.0010,-0.0006,2000,1.0000,0.6104,
80,1.3468,0.0010,-0.0005,2000,1.0000,0.6087,
81,1.3637,0.0010,-0.0004,2000,1.0000,0.6094,
82,1.3805,0.0010,-0.0004,2000,1.0000,0.6090,
83,1.3974,0.0009,-0.0004,2000,1.0000,0.6090,
84,1.4142,0.0009,-0.0005,2000,1.0000,0.6090,
85,1.4310,0.0008,-0.0006,2000,1.0000,0.6105,
86,1.4479,0.0008,-0.0006,2000,1.0000,0.6097,
87,1.4647,0.0006,-0.0004,2000,1.0000,0.6103,
88,1.4815,0.0006,-0.0004,2000,1.0000,0.6103,
89,1.4984,0.0005,-0.0004,2000,1.0000,0.6098,
90,1.5152,-0.0007,-0.0008,1998,1.0000,0.6101,
91,1.5320,-0.0007,-0.0009,2000,1.0000,0.6087,
92,1.5489,-0.0007,-0.0009,2000,1.0000,0.6087,
93,1.5657,-0.0008,-0.0008,2000,1.0000,0.6089,
94,1.5825,-0.0008,-0.0008,2000,1.0000,0.6103,
95,1.5994,-0.0009,-0.0008,2000,1.0000,0.6097,
96,1.6162,-0.0008,-0.0008,1998,1.0000,0.6090,
97,1.6331,-0.0008,-0.0007,1999,1.0000,0.6089,
98,1.6499,-0.0008,-0.0007,2000,1.0000,0.6100,
99,1.6667,-0.0009,-0.0007,1999,1.0000,0.6100,
100,1.6836,-0.0009,-0.0007,2000,1.0000,0.6098,
101,1.7004,-0.0009,-0.0007,2000,1.0000,0.6101,
102,1.7172,-0.0009,-0.0008,2000,1.0000,0.6101,
103,1.7341,-0.0008,-0.0008,2000,1.0000,0.6095,
104,1.7509,-0.0009,-0.0007,2000,1.0000,0.6101,
105,1.7677,-0.0009,-0.0007,2000,1.0000,0.6102,
106,1.7846,-0.0009,-0.0008,2000,1.0000,0.6102,
107,1.8014,-0.0009,-0.0007,2000,1.0000,0.6103,
108,1.8182,-0.0008,-0.0007,2000,1.0000,0.6100,
109,1.8351,-0.0009,-0.0008,2000,1.0000,0.6097,
110,1.8519,-0.0009,-0.0008,2000,1.0000,0.6090,
111,1.8688,-0.0009,-0.0008,2000,1.0000,0.6090,
112,1.8856,-0.0009,-0.0008,2000,1.0000,0.6104,
113,1.9024,-0.0009,-0.0009,2000,1.0000,0.6091,
114,1.9193,-0.0008,-0.0010,2000,1.0000,0.6095,
115,1.9361,-0.0008,-0.0009,2000,1.0000,0.6096,
116,1.9529,-0.0008,-0.0009,2000,1.0000,0.6096,
117,1.9698,-0.0008,-0.0009,2000,1.0000,0.6099,
118,1.9866,-0.0010,-0.0009,2000,1.0000,0.6089,
119,2.0034,-0.0010,-0.0009,2000,1.0000,0.6100,
120,2.0203,-0.0021,-0.0025,2000,1.0000,0.6114,
121,2.0371,-0.0022,-0.0025,1999,1.0000,0.6104,
122,2.0539,-0.0022,-0.0025,2000,1.0000,0.6099,
123,2.0708,-0.0023,-0.0025,2000,1.0000,0.6099,
124,2.0876,-0.0023,-0.0025,2000,1.0000,0.6095,
125,2.1045,-0.0024,-0.0026,2000,1.0000,0.6098,
126,2.1213,-0.0024,-0.0026,2000,1.0000,0.6101,
127,2.1381,-0.0024,-0.0025,2000,1.0000,0.6101,
128,2.1550,-0.0024,-0.0025,2000,1.0000,0.6101,
129,2.1718,-0.0024,-0.0025,2000,1.0000,0.6101,
130,2.1886,-0.0024,-0.0026,2000,1.0000,0.6098,
131,2.2055,-0.0024,-0.0025,2000,1.0000,0.6088,
132,2.2223,-0.0024,-0.0025,2000,1.0000,0.6087,
133,2.2391,-0.0024,-0.0025,2000,1.0000,0.6101,
134,2.2560,-0.0024,-0.0024,2000,1.0000,0.6101,
135,2.2728,-0.0024,-0.0022,2000,1.0000,0.6102,
136,2.2896,-0.0024,-0.0022,2000,1.0000,0.6102,
137,2.3065,-0.0024,-0.0022,2000,1.0000,0.6101,
138,2.3233,-0.0024,-0.0022,2000,1.0000,0.6101,
139,2.3401,-0.0024,-0.0023,2000,1.0000,0.6084,
140,2.3570,-0.0024,-0.0023,1999,1.0000,0.6101,
141,2.3738,-0.0024,-0.0022,2000,1.0000,0.6101,
142,2.3907,-0.0024,-0.0021,2000,1.0000,0.6102,
143,2.4075,-0.0024,-0.0021,2000,1.0000,0.6102,
144,2.4243,-0.0025,-0.0022,2000,1.0000,0.6102,
145,2.4412,-0.0025,-0.0021,2000,1.0000,0.6102,
146,2.4580,-0.0025,-0.0023,2000,1.0000,0.6102,
147,2.4748,-0.0025,-0.0022,2000,1.0000,0.6102,
148,2.4917,-0.0024,-0.0023,2000,1.0000,0.6102,
149,2.5085,-0.0023,-0.0023,2000,1.0000,0.6098,
150,2.5253,-0.0035,-0.0014,2000,1.0000,0.6103,
151,2.5422,-0.0035,-0.0014,2000,1.0000,0.6103,
152,2.5590,-0.0035,-0.0013,1999,1.0000,0.6103,
153,2.5758,-0.0036,-0.0016,1999,1.0000,0.6102,
154,2.5927,-0.0036,-0.0016,2000,1.0000,0.6083,
155,2.6095,-0.0036,-0.0016,1999,1.0000,0.6103,
156,2.6264,-0.0035,-0.0017,2000,1.0000,0.6095,
157,2.6432,-0.0036,-0.0017,2000,1.0000,0.6095,
158,2.6600,-0.0036,-0.0018,2000,1.0000,0.6095,
159,2.6769,-0.0035,-0.0017,2000,1.0000,0.6095,
160,2.6937,-0.0035,-0.0018,2000,1.0000,0.6096,
161,2.7105,-0.0034,-0.0018,2000,1.0000,0.6102,
162,2.7274,-0.0035,-0.0017,2000,1.0000,0.6097,
163,2.7442,-0.0035,-0.0017,1999,1.0000,0.6097,
164,2.7610,-0.0035,-0.0017,2000,1.0000,0.6097,
165,2.7779,-0.0036,-0.0016,2000,1.0000,0.6096,
166,2.7947,-0.0036,-0.0016,2000,1.0000,0.6096,
167,2.8115,-0.0036,-0.0016,2000,1.0000,0.6096,
168,2.8284,-0.0036,-0.0016,2000,1.0000,0.6102,
169,2.8452,-0.0036,-0.0016,2000,1.0000,0.6102,
170,2.8621,-0.0036,-0.0016,2000,1.0000,0.6105,
171,2.8789,-0.0040,-0.0013,2000,1.0000,0.6088,
172,2.8957,-0.0040,-0.0013,1999,1.0000,0.6088,
173,2.9126,-0.0039,-0.0012,2000,1.0000,0.6088,
174,2.9294,-0.0040,-0.0012,1999,1.0000,0.6088,
175,2.9462,-0.0040,-0.0012,2000,1.0000,0.6088,
176,2.9631,-0.0040,-0.0012,2000,1.0000,0.6088,
177,2.9799,-0.0041,-0.0012,2000,1.0000,0.6103,
178,2.9967,-0.0040,-0.0012,2000,1.0000,0.6099,
179,3.0136,-0.0041,-0.0012,2000,1.0000,0.6093,
180,3.0304,-0.0046,-0.0016,1996,1.0000,0.6099,
181,3.0472,-0.0045,-0.0016,2000,1.0000,0.6099,
182,3.0641,-0.0045,-0.0016,2000,1.0000,0.6099,
183,3.0809,-0.0045,-0.0016,2000,1.0000,0.6102,
184,3.0978,-0.0046,-0.0016,2000,1.0000,0.6098,
185,3.1146,-0.0046,-0.0016,2000,1.0000,0.6105,
186,3.1314,-0.0046,-0.0016,2000,1.0000,0.6105,
187,3.1483,-0.0045,-0.0016,2000,1.0000,0.6105,
188,3.1651,-0.0046,-0.0016,2000,1.0000,0.6099,
189,3.1819,-0.0047,-0.0017,2000,1.0000,0.6087,
190,3.1988,-0.0046,-0.0016,2000,1.0000,0.6087,
191,3.2156,-0.0046,-0.0016,1999,1.0000,0.6104,
192,3.2324,-0.0047,-0.0016,2000,1.0000,0.6100,
193,3.2493,-0.0047,-0.0016,2000,1.0000,0.6097,
194,3.2661,-0.0047,-0.0017,2000,1.0000,0.6097,
195,3.2829,-0.0047,-0.0016,2000,1.0000,0.6098,
196,3.2998,-0.0047,-0.0017,1999,1.0000,0.6098,
197,3.3166,-0.0046,-0.0017,1999,1.0000,0.6097,
198,3.3335,-0.0047,-0.0017,2000,1.0000,0.6097,
199,3.3503,-0.0047,-0.0016,2000,1.0000,0.6097,
200,3.3671,-0.0046,-0.0016,2000,1.0000,0.6097,
201,3.3840,-0.0046,-0.0016,2000,1.0000,0.6097,
202,3.4008,-0.0047,-0.0015,2000,1.0000,0.6097,
203,3.4176,-0.0046,-0.0015,2000,1.0000,0.6097,
204,3.4345,-0.0046,-0.0015,2000,1.0000,0.6103,
205,3.4513,-0.0045,-0.0015,2000,1.0000,0.6104,
206,3.4681,-0.0045,-0.0015,2000,1.0000,0.6098,
207,3.4850,-0.0045,-0.0015,2000,1.0000,0.6103,
208,3.5018,-0.0045,-0.0014,2000,1.0000,0.6098,
209,3.5186,-0.0045,-0.0015,2000,1.0000,0.6086,
210,3.5355,-0.0023,-0.0008,2000,1.0000,0.6088,
211,3.5523,-0.0023,-0.0008,2000,1.0000,0.6097,
212,3.5691,-0.0023,-0.0008,2000,1.0000,0.6097,
213,3.5860,-0.0023,-0.0009,1999,1.0000,0.6102,
214,3.6028,-0.0023,-0.0008,2000,1.0000,0.6102,
215,3.6197,-0.0024,-0.0008,2000,1.0000,0.6092,
216,3.6365,-0.0024,-0.0008,2000,1.0000,0.6098,
217,3.6533,-0.0025,-0.0008,1999,1.0000,0.6101,
218,3.6702,-0.0024,-0.0008,2000,1.0000,0.6103,
219,3.6870,-0.0024,-0.0008,2000,1.0000,0.6103,
220,3.7038,-0.0024,-0.0008,2000,1.0000,0.6097,
221,3.7207,-0.0024,-0.0007,2000,1.0000,0.6103,
222,3.7375,-0.0025,-0.0007,2000,1.0000,0.6103,
223,3.7543,-0.0025,-0.0007,2000,1.0000,0.6103,
224,3.7712,-0.0025,-0.0007,2000,1.0000,0.6103,
225,3.7880,-0.0025,-0.0008,2000,1.0000,0.6101,
226,3.8048,-0.0025,-0.0007,2000,1.0000,0.6101,
227,3.8217,-0.0025,-0.0007,2000,1.0000,0.6101,
228,3.8385,-0.0026,-0.0005,2000,1.0000,0.6103,
229,3.8554,-0.0026,-0.0005,2000,1.0000,0.6103,
230,3.8722,-0.0026,-0.0006,2000,1.0000,0.6087,
231,3.8890,-0.0027,-0.0006,2000,1.0000,0.6088,
232,3.9059,-0.0026,-0.0006,2000,1.0000,0.6091,
233,3.9227,-0.0026,-0.0006,2000,1.0000,0.6091,
234,3.9395,-0.0027,-0.0006,2000,1.0000,0.6103,
235,3.9564,-0.0027,-0.0006,1999,1.0000,0.6097,
236,3.9732,-0.0027,-0.0006,1999,1.0000,0.6097,
237,3.9900,-0.0026,-0.0006,2000,1.0000,0.6088,
238,4.0069,-0.0026,-0.0006,2000,1.0000,0.6088,
239,4.0237,-0.0026,-0.0006,2000,1.0000,0.6088,
240,4.0405,-0.0013,-0.0003,1997,1.0000,0.6092,
241,4.0574,-0.0013,-0.0004,2000,1.0000,0.6098,
242,4.0742,-0.0013,-0.0004,2000,1.0000,0.6098,
243,4.0911,-0.0014,-0.0004,2000,1.0000,0.6097,
244,4.1079,-0.0014,-0.0004,2000,1.0000,0.6099,
245,4.1247,-0.0014,-0.0003,2000,1.0000,0.6099,
246,4.1416,-0.0014,-0.0004,2000,1.0000,0.6098,
247,4.1584,-0.0014,-0.0004,2000,1.0000,0.6103,
248,4.1752,-0.0014,-0.0004,2000,1.0000,0.6103,
249,4.1921,-0.0014,-0.0003,2000,1.0000,0.6102,
250,4.2089,-0.0014,-0.0002,2000,1.0000,0.6099,
251,4.2257,-0.0014,-0.0002,2000,1.0000,0.6099,
252,4.2426,-0.0014,-0.0002,2000,1.0000,0.6098,
253,4.2594,-0.0014,-0.0002,1999,1.0000,0.6102,
254,4.2762,-0.0014,-0.0002,2000,1.0000,0.6102,
255,4.2931,-0.0015,-0.0002,2000,1.0000,0.6099,
256,4.3099,-0.0014,-0.0001,2000,1.0000,0.6099,
257,4.3268,-0.0014,-0.0002,2000,1.0000,0.6099,
258,4.3436,-0.0015,-0.0001,2000,1.0000,0.6102,
259,4.3604,-0.0014,-0.0001,2000,1.0000,0.6102,
260,4.3773,-0.0015,-0.0001,2000,1.0000,0.6102,
261,4.3941,-0.0015,-0.0000,2000,1.0000,0.6107,
262,4.4109,-0.0015,-0.0000,2000,1.0000,0.6107,
263,4.4278,-0.0015,-0.0000,2000,1.0000,0.6099,
264,4.4446,-0.0014,-0.0000,2000,1.0000,0.6099,
265,4.4614,-0.0015,-0.0000,2000,1.0000,0.6107,
266,4.4783,-0.0015,-0.0000,2000,1.0000,0.6107,
267,4.4951,-0.0015,-0.0001,2000,1.0000,0.6103,
268,4.5119,-0.0015,-0.0000,2000,1.0000,0.6103,
269,4.5288,-0.0015,0.0000,2000,1.0000,0.6103,
270,4.5456,-0.0030,0.0004,1999,0.9995,0.6101,
271,4.5625,-0.0030,0.0004,2000,1.0000,0.6102,
272,4.5793,-0.0030,0.0004,2000,1.0000,0.6102,
273,4.5961,-0.0030,0.0004,2000,1.0000,0.6102,
274,4.6130,-0.0030,0.0004,2000,1.0000,0.6102,
275,4.6298,-0.0029,0.0004,2000,1.0000,0.6097,
276,4.6466,-0.0029,0.0004,2000,1.0000,0.6097,
277,4.6635,-0.0028,0.0004,2000,1.0000,0.6097,
278,4.6803,-0.0029,0.0005,2000,1.0000,0.6097,
279,4.6971,-0.0028,0.0005,2000,1.0000,0.6097,
280,4.7140,-0.0029,0.0004,2000,1.0000,0.6102,
281,4.7308,-0.0029,0.0004,2000,1.0000,0.6102,
282,4.7476,-0.0029,0.0004,2000,1.0000,0.6102,
283,4.7645,-0.0029,0.0004,2000,1.0000,0.6102,
284,4.7813,-0.0029,0.0004,2000,1.0000,0.6102,
285,4.7981,-0.0029,0.0004,1999,1.0000,0.6102,
286,4.8150,-0.0030,0.0003,2000,1.0000,0.6102,
287,4.8318,-0.0030,0.0003,2000,1.0000,0.6102,
288,4.8487,-0.0031,0.0003,2000,1.0000,0.6102,
289,4.8655,-0.0030,0.0003,2000,1.0000,0.6102,
290,4.8823,-0.0030,0.0003,2000,1.0000,0.6102,
291,4.8992,-0.0030,0.0003,2000,1.0000,0.6098,
292,4.9160,-0.0030,0.0003,1999,1.0000,0.6093,
293,4.9328,-0.0029,0.0003,2000,1.0000,0.6093,
294,4.9497,-0.0031,0.0003,2000,1.0000,0.6101,
295,4.9665,-0.0030,0.0003,2000,1.0000,0.6101,
296,4.9833,-0.0030,0.0003,2000,1.0000,0.6100,
297,5.0002,-0.0030,0.0003,2000,1.0000,0.6100,
298,5.0170,-0.0030,0.0003,2000,1.0000,0.6100,
299,5.0338,-0.0031,0.0003,1999,1.0000,0.6100,
300,5.0507,-0.0027,0.0020,1999,1.0000,0.6101,
301,5.0675,-0.0027,0.0020,2000,1.0000,0.6101,
302,5.0844,-0.0027,0.0020,2000,1.0000,0.6101,
303,5.1012,-0.0028,0.0020,2000,1.0000,0.6102,
304,5.1180,-0.0028,0.0020,2000,1.0000,0.6108,
305,5.1349,-0.0028,0.0020,2000,1.0000,0.6103,
306,5.1517,-0.0028,0.0019,2000,1.0000,0.6103,
307,5.1685,-0.0028,0.0020,2000,1.0000,0.6103,
308,5.1854,-0.0028,0.0020,2000,1.0000,0.6103,
309,5.2022,-0.0028,0.0020,2000,1.0000,0.6103,
310,5.2190,-0.0027,0.0020,2000,1.0000,0.6103,
311,5.2359,-0.0026,0.0021,2000,1.0000,0.6103,
312,5.2527,-0.0027,0.0021,2000,1.0000,0.6103,
313,5.2695,-0.0026,0.0021,2000,1.0000,0.6103,
314,5.2864,-0.0027,0.0021,2000,1.0000,0.6096,
315,5.3032,-0.0026,0.0020,2000,1.0000,0.6099,
316,5.3201,-0.0026,0.0020,2000,1.0000,0.6099,
317,5.3369,-0.0027,0.0020,2000,1.0000,0.6099,
318,5.3537,-0.0026,0.0020,2000,1.0000,0.6099,
319,5.3706,-0.0026,0.0021,2000,1.0000,0.6099,
320,5.3874,-0.0026,0.0021,2000,1.0000,0.6103,
321,5.4042,-0.0025,0.0021,2000,1.0000,0.6103,
322,5.4211,-0.0025,0.0021,2000,1.0000,0.6103,
323,5.4379,-0.0025,0.0021,2000,1.0000,0.6103,
324,5.4547,-0.0025,0.0021,2000,1.0000,0.6103,
325,5.4716,-0.0025,0.0020,2000,1.0000,0.6103,
326,5.4884,-0.0025,0.0021,2000,1.0000,0.6085,
327,5.5052,-0.0025,0.0021,2000,1.0000,0.6094,
328,5.5221,-0.0025,0.0021,2000,1.0000,0.6094,
329,5.5389,-0.0025,0.0020,2000,1.0000,0.6104,
330,5.5558,-0.0008,0.0009,1998,0.9995,0.6097,
331,5.5726,-0.0008,0.0009,2000,1.0000,0.6097,
332,5.5894,-0.0008,0.0009,2000,1.0000,0.6100,
333,5.6063,-0.0008,0.0008,2000,1.0000,0.6106,
334,5.6231,-0.0008,0.0009,2000,1.0000,0.6106,
335,5.6399,-0.0008,0.0007,2000,1.0000,0.6083,
336,5.6568,-0.0008,0.0007,2000,1.0000,0.6083,
337,5.6736,-0.0008,0.0006,2000,1.0000,0.6083,
338,5.6904,-0.0008,0.0006,2000,1.0000,0.6083,
339,5.7073,-0.0008,0.0006,2000,1.0000,0.6103,
340,5.7241,-0.0008,0.0006,2000,1.0000,0.6093,
341,5.7409,-0.0008,0.0007,2000,1.0000,0.6093,
342,5.7578,-0.0008,0.0005,2000,1.0000,0.6102,
343,5.7746,-0.0008,0.0005,2000,1.0000,0.6100,
344,5.7914,-0.0008,0.0005,2000,1.0000,0.6100,
345,5.8083,-0.0008,0.0006,2000,1.0000,0.6089,
346,5.8251,-0.0008,0.0005,1997,1.0000,0.6098,
347,5.8420,-0.0008,0.0005,2000,1.0000,0.6100,
348,5.8588,-0.0008,0.0005,2000,1.0000,0.6100,
349,5.8756,-0.0009,0.0005,1999,1.0000,0.6098,
350,5.8925,-0.0009,0.0005,2000,1.0000,0.6097,
351,5.9093,-0.0009,0.0005,1999,1.0000,0.6097,
352,5.9261,-0.0009,0.0006,2000,1.0000,0.6098,
353,5.9430,-0.0008,0.0006,1999,1.0000,0.6098,
354,5.9598,-0.0009,0.0007,2000,1.0000,0.6097,
355,5.9766,-0.0008,0.0007,2000,1.0000,0.6103,
356,5.9935,-0.0009,0.0007,2000,1.0000,0.6103,
357,6.0103,-0.0008,0.0006,2000,1.0000,0.6099,
358,6.0271,-0.0009,0.0006,1998,1.0000,0.6099,
359,6.0440,-0.0008,0.0007,2000,1.0000,0.6099,
360,6.0608,-0.0023,0.0005,1999,1.0000,0.6099,
361,6.0777,-0.0023,0.0005,2000,1.0000,0.6109,
362,6.0945,-0.0023,0.0005,2000,1.0000,0.6105,
363,6.1113,-0.0023,0.0005,1999,1.0000,0.6089,
364,6.1282,-0.0023,0.0005,2000,1.0000,0.6101,
365,6.1450,-0.0024,0.0006,2000,1.0000,0.6101,
366,6.1618,-0.0024,0.0006,2000,1.0000,0.6101,
367,6.1787,-0.0027,0.0008,2000,1.0000,0.6101,
368,6.1955,-0.0027,0.0008,2000,1.0000,0.6101,
369,6.2123,-0.0027,0.0008,2000,1.0000,0.6101,
370,6.2292,-0.0027,0.0008,2000,1.0000,0.6101,
371,6.2460,-0.0027,0.0007,2000,1.0000,0.6096,
372,6.2628,-0.0028,0.0007,2000,1.0000,0.6096,
373,6.2797,-0.0028,0.0007,2000,1.0000,0.6096,
374,6.2965,-0.0027,0.0008,2000,1.0000,0.6096,
375,6.3134,-0.0027,0.0008,2000,1.0000,0.6104,
376,6.3302,-0.0027,0.0009,2000,1.0000,0.6104,
377,6.3470,-0.0028,0.0009,2000,1.0000,0.6104,
378,6.3639,-0.0028,0.0009,2000,1.0000,0.6106,
379,6.3807,-0.0027,0.0009,2000,1.0000,0.6110,
380,6.3975,-0.0027,0.0010,2000,1.0000,0.6096,
381,6.4144,-0.0027,0.0010,2000,1.0000,0.6096,
382,6.4312,-0.0028,0.0009,2000,1.0000,0.6096,
383,6.4480,-0.0028,0.0009,2000,1.0000,0.6096,
384,6.4649,-0.0028,0.0010,2000,1.0000,0.6096,
385,6.4817,-0.0028,0.0010,2000,1.0000,0.6096,
386,6.4985,-0.0027,0.0010,2000,1.0000,0.6096,
387,6.5154,-0.0027,0.0011,2000,1.0000,0.6096,
388,6.5322,-0.0027,0.0011,2000,1.0000,0.6096,
389,6.5491,-0.0028,0.0011,2000,1.0000,0.6096,
390,6.5659,-0.0023,0.0009,2000,1.0000,0.6101,
391,6.5827,-0.0023,0.0009,2000,1.0000,0.6101,
392,6.5996,-0.0023,0.0010,2000,1.0000,0.6102,
393,6.6164,-0.0023,0.0010,2000,1.0000,0.6103,
394,6.6332,-0.0023,0.0010,1999,1.0000,0.6103,
395,6.6501,-0.0022,0.0010,2000,1.0000,0.6102,
396,6.6669,-0.0021,0.0009,2000,1.0000,0.6102,
397,6.6837,-0.0021,0.0010,2000,1.0000,0.6086,
398,6.7006,-0.0021,0.0010,2000,1.0000,0.6086,
399,6.7174,-0.0021,0.0007,2000,1.0000,0.6099,
400,6.7342,-0.0020,0.0008,2000,1.0000,0.6105,
401,6.7511,-0.0020,0.0008,2000,1.0000,0.6105,
402,6.7679,-0.0020,0.0008,2000,1.0000,0.6105,
403,6.7848,-0.0021,0.0008,2000,1.0000,0.6097,
404,6.8016,-0.0020,0.0008,2000,1.0000,0.6097,
405,6.8184,-0.0020,0.0008,2000,1.0000,0.6082,
406,6.8353,-0.0020,0.0008,2000,1.0000,0.6082,
407,6.8521,-0.0020,0.0008,1999,1.0000,0.6082,
408,6.8689,-0.0020,0.0008,2000,1.0000,0.6082,
409,6.8858,-0.0020,0.0008,2000,1.0000,0.6082,
410,6.9026,-0.0021,0.0008,2000,1.0000,0.6088,
411,6.9194,-0.0021,0.0008,2000,1.0000,0.6102,
412,6.9363,-0.0021,0.0008,2000,1.0000,0.6099,
413,6.9531,-0.0023,0.0008,2000,1.0000,0.6100,
414,6.9699,-0.0023,0.0008,2000,1.0000,0.6104,
415,6.9868,-0.0023,0.0008,2000,1.0000,0.6104,
416,7.0036,-0.0022,0.0008,2000,1.0000,0.6103,
417,7.0204,-0.0022,0.0008,2000,1.0000,0.6104,
418,7.0373,-0.0022,0.0007,2000,1.0000,0.6104,
419,7.0541,-0.0022,0.0008,2000,1.0000,0.6104,
420,7.0710,-0.0016,0.0010,1999,1.0000,0.6085,
421,7.0878,-0.0016,0.0010,2000,1.0000,0.6098,
422,7.1046,-0.0016,0.0010,2000,1.0000,0.6099,
423,7.1215,-0.0017,0.0010,2000,1.0000,0.6098,
424,7.1383,-0.0017,0.0010,2000,1.0000,0.6082,
425,7.1551,-0.0017,0.0010,2000,1.0000,0.6103,
426,7.1720,-0.0017,0.0010,2000,1.0000,0.6103,
427,7.1888,-0.0017,0.0010,2000,1.0000,0.6103,
428,7.2056,-0.0017,0.0011,2000,1.0000,0.6100,
429,7.2225,-0.0017,0.0011,2000,1.0000,0.6100,
430,7.2393,-0.0017,0.0012,2000,1.0000,0.6100,
431,7.2561,-0.0017,0.0012,2000,1.0000,0.6090,
432,7.2730,-0.0017,0.0012,2000,1.0000,0.6090,
433,7.2898,-0.0016,0.0011,2000,1.0000,0.6104,
434,7.3067,-0.0016,0.0012,2000,1.0000,0.6101,
435,7.3235,-0.0017,0.0012,2000,1.0000,0.6102,
436,7.3403,-0.0016,0.0012,2000,1.0000,0.6098,
437,7.3572,-0.0016,0.0012,2000,1.0000,0.6098,
438,7.3740,-0.0016,0.0012,2000,1.0000,0.6098,
439,7.3908,-0.0016,0.0013,2000,1.0000,0.6098,
440,7.4077,-0.0015,0.0013,2000,1.0000,0.6086,
441,7.4245,-0.0014,0.0013,2000,1.0000,0.6097,
442,7.4413,-0.0014,0.0013,2000,1.0000,0.6097,
443,7.4582,-0.0012,0.0012,1999,1.0000,0.6098,
444,7.4750,-0.0012,0.0012,2000,1.0000,0.6098,
445,7.4918,-0.0011,0.0012,1998,1.0000,0.6086,
446,7.5087,-0.0011,0.0012,1999,1.0000,0.6101,
447,7.5255,-0.0008,0.0013,1998,1.0000,0.6098,
448,7.5424,-0.0007,0.0014,2000,1.0000,0.6098,
449,7.5592,-0.0004,0.0014,1999,1.0000,0.6095,
450,7.5760,0.0182,0.0041,1997,0.9985,0.6106,
451,7.5929,0.0181,0.0042,2000,1.0000,0.6103,
452,7.6097,0.0182,0.0041,2000,1.0000,0.6105,
453,7.6265,0.0182,0.0041,2000,1.0000,0.6095,
454,7.6434,0.0183,0.0042,2000,1.0000,0.6102,
455,7.6602,0.0182,0.0041,2000,1.0000,0.6089,
456,7.6770,0.0045,0.0036,1998,1.0000,0.6102,
457,7.6939,-0.0478,0.0032,2000,1.0000,0.6092,
458,7.7107,-0.1094,0.0022,1998,0.9990,0.6099,
459,7.7275,-0.1560,0.0019,1998,0.9995,0.6107,
460,7.7444,-0.1568,0.0018,1998,0.9995,0.6103,
461,7.7612,-0.1087,0.0023,1999,0.9990,0.6101,
462,7.7781,-0.0245,0.0026,1999,1.0000,0.6096,
463,7.7949,0.0724,0.0042,1996,1.0000,0.6104,
464,7.8117,0.1692,0.0057,1997,0.9985,0.6105,
465,7.8286,0.2195,0.0062,1997,0.9995,0.6104,
466,7.8454,0.2199,0.0062,1999,1.0000,0.6101,
467,7.8622,0.1729,0.0061,1997,0.9985,0.6109,
468,7.8791,0.0776,0.0045,2000,1.0000,0.6091,
469,7.8959,-0.0607,0.0025,1998,1.0000,0.6105,
470,7.9127,-0.2503,0.0008,2000,1.0000,0.6085,
471,7.9296,-0.3924,-0.0023,1998,1.0000,0.6107,
472,7.9464,-0.4894,-0.0029,1999,0.9995,0.6082,
473,7.9632,-0.5308,-0.0037,1999,0.9995,0.6107,
474,7.9801,-0.5302,-0.0038,1998,1.0000,0.6100,
475,7.9969,-0.4404,-0.0037,1998,0.9990,0.6105,
476,8.0137,-0.3387,-0.0035,1998,0.9990,0.6099,
477,8.0306,-0.2530,-0.0021,1996,0.9980,0.6117,
478,8.0474,-0.1707,0.0000,1998,0.9995,0.6104,
479,8.0643,-0.0789,0.0008,1998,0.9995,0.6097,
480,8.0811,0.0023,0.0054,1971,0.9915,0.6102,
481,8.0979,0.0591,0.0057,2000,1.0000,0.6091,
482,8.1148,0.1240,0.0073,2000,1.0000,0.6101,
483,8.1316,0.1324,0.0070,1999,1.0000,0.6098,
484,8.1484,0.1310,0.0070,1998,1.0000,0.6102,
485,8.1653,0.0778,0.0067,1999,0.9995,0.6103,
486,8.1821,-0.0178,0.0050,2000,1.0000,0.6089,
487,8.1989,-0.1144,0.0040,2000,1.0000,0.6098,
488,8.2158,-0.2015,0.0037,2000,1.0000,0.6101,
489,8.2326,-0.2011,0.0036,1998,1.0000,0.6096,
490,8.2494,-0.1691,0.0046,1994,0.9970,0.6104,
491,8.2663,-0.0905,0.0045,1999,1.0000,0.6088,
492,8.2831,-0.0421,0.0050,2000,1.0000,0.6099,
493,8.3000,-0.0436,0.0050,2000,1.0000,0.6103,
494,8.3168,-0.0947,0.0049,2000,1.0000,0.6104,
495,8.3336,-0.1614,0.0054,1994,0.9975,0.6089,
496,8.3505,-0.2070,0.0055,1999,0.9995,0.6108,
497,8.3673,-0.2077,0.0054,2000,1.0000,0.6110,
498,8.3841,-0.2079,0.0055,1997,1.0000,0.6106,
499,8.4010,-0.2077,0.0054,1996,1.0000,0.6094,
500,8.4178,-0.1752,0.0060,1998,1.0000,0.6098,
501,8.4346,-0.1256,0.0069,2000,1.0000,0.6091,
502,8.4515,-0.0750,0.0072,2000,1.0000,0.6087,
503,8.4683,-0.0266,0.0078,1999,0.9995,0.6096,
504,8.4851,0.0152,0.0081,1999,1.0000,0.6099,
505,8.5020,0.0158,0.0082,2000,1.0000,0.6088,
506,8.5188,0.0058,0.0083,2000,1.0000,0.6100,
507,8.5357,-0.0001,0.0081,2000,1.0000,0.6103,
508,8.5525,-0.0003,0.0081,1998,0.9995,0.6107,
509,8.5693,0.0061,0.0081,1997,0.9995,0.6099,
510,8.5862,0.0408,0.0133,1991,0.9970,0.6098,
511,8.6030,0.0419,0.0133,2000,1.0000,0.6093,
512,8.6198,0.0824,0.0135,2000,1.0000,0.6104,
513,8.6367,0.0935,0.0165,1998,1.0000,0.6101,
514,8.6535,0.0933,0.0166,2000,1.0000,0.6096,
515,8.6703,0.0836,0.0164,1997,1.0000,0.6093,
516,8.6872,0.0333,0.0156,2000,1.0000,0.6101,
517,8.7040,-0.0532,0.0142,2000,1.0000,0.6100,
518,8.7208,-0.1974,0.0134,2000,1.0000,0.6086,
519,8.7377,-0.3322,0.0102,1998,1.0000,0.6099,
520,8.7545,-0.4254,0.0075,2000,1.0000,0.6097,
521,8.7714,-0.4654,0.0067,2000,1.0000,0.6103,
522,8.7882,-0.4654,0.0067,1996,1.0000,0.6099,
523,8.8050,-0.4651,0.0067,1998,1.0000,0.6101,
524,8.8219,-0.3728,0.0073,1999,0.9995,0.6099,
525,8.8387,-0.1920,0.0088,1998,1.0000,0.6061,
526,8.8555,-0.0952,0.0103,2000,0.9995,0.6100,
527,8.8724,0.0136,0.0157,1998,1.0000,0.6074,
528,8.8892,0.1082,0.0166,1999,0.9995,0.6097,
529,8.9060,0.1227,0.0171,1997,0.9990,0.6096,
530,8.9229,0.1149,0.0174,1996,0.9985,0.6098,
531,8.9397,0.1118,0.0174,1996,0.9995,0.6094,
532,8.9565,0.1120,0.0174,1992,0.9995,0.6105,
533,8.9734,0.1205,0.0176,1998,1.0000,0.6099,
534,8.9902,0.1229,0.0175,1995,0.9995,0.6100,
535,9.0071,0.1232,0.0175,1999,1.0000,0.6092,
536,9.0239,0.1113,0.0177,2000,1.0000,0.6098,
537,9.0407,0.0707,0.0179,1999,0.9995,0.6098,
538,9.0576,0.0311,0.0177,1998,1.0000,0.6099,
539,9.0744,0.0310,0.0178,2000,1.0000,0.6101,
540,9.0912,0.0512,0.0206,1980,0.9955,0.6100,
541,9.1081,0.0517,0.0206,1998,1.0000,0.6102,
542,9.1249,0.0524,0.0206,1999,1.0000,0.6101,
543,9.1417,0.0175,0.0208,1997,0.9990,0.6105,
544,9.1586,-0.0156,0.0208,1999,1.0000,0.6102,
545,9.1754,-0.0466,0.0210,2000,1.0000,0.6104,
546,9.1922,-0.0920,0.0210,2000,1.0000,0.6101,
547,9.2091,-0.1890,0.0206,1999,1.0000,0.6088,
548,9.2259,-0.2834,0.0206,1998,0.9995,0.6099,
549,9.2427,-0.2913,0.0206,1997,1.0000,0.6099,
550,9.2596,-0.2909,0.0205,2000,1.0000,0.6103,
551,9.2764,-0.1988,0.0207,1998,0.9995,0.6100,
552,9.2933,-0.1379,0.0211,1999,0.9995,0.6097,
553,9.3101,-0.0943,0.0212,2000,1.0000,0.6103,
554,9.3269,-0.0948,0.0212,1602,0.9960,0.6088,
555,9.3438,-0.2900,0.0181,1999,1.0000,0.6101,
556,9.3606,-0.4859,0.0171,1996,1.0000,0.6107,
557,9.3774,-0.5710,0.0157,1997,1.0000,0.6098,
558,9.3943,-0.6229,0.0153,1999,1.0000,0.6095,
559,9.4111,-0.6680,0.0144,2000,1.0000,0.6105,
560,9.4279,-0.6842,0.0140,1995,0.9995,0.6108,
561,9.4448,-0.7018,0.0138,1998,1.0000,0.6105,
562,9.4616,-0.7444,0.0138,2000,1.0000,0.6105,
563,9.4784,-0.7956,0.0128,1999,1.0000,0.6102,
564,9.4953,-0.8934,0.0112,2000,1.0000,0.6105,
565,9.5121,-0.9589,0.0017,1997,0.9985,0.6106,
566,9.5290,-0.9941,0.0016,1999,0.9995,0.6105,
567,9.5458,-0.9473,0.0013,1998,0.9990,0.6106,
568,9.5626,-0.8502,0.0055,1993,0.9975,0.6106,
569,9.5795,-0.8307,0.0062,1985,0.9990,0.6106,
570,9.5963,-0.7986,0.0048,1972,0.9895,0.6107,
571,9.6131,-0.7618,0.0050,1999,1.0000,0.6105,
572,9.6300,-0.7383,0.0052,2000,1.0000,0.6106,
573,9.6468,-0.6912,0.0051,2000,1.0000,0.6100,
574,9.6636,-0.6444,0.0050,2000,1.0000,0.6101,
575,9.6805,-0.5489,0.0055,1998,1.0000,0.6103,
576,9.6973,-0.4532,0.0062,1997,0.9995,0.6102,
577,9.7141,-0.3504,0.0072,1999,0.9995,0.6097,
578,9.7310,-0.2463,0.0099,2000,1.0000,0.6088,
579,9.7478,-0.1540,0.0104,1999,0.9995,0.6098,
580,9.7647,-0.1489,0.0107,1998,1.0000,0.6102,
581,9.7815,-0.1372,0.0107,1998,0.9990,0.6087,
582,9.7983,-0.1370,0.0108,1998,1.0000,0.6087,
583,9.8152,-0.1372,0.0109,1994,0.9995,0.6091,
584,9.8320,-0.1446,0.0105,1999,1.0000,0.6103,
585,9.8488,-0.1467,0.0104,2000,1.0000,0.6098,
586,9.8657,-0.1499,0.0104,1994,1.0000,0.6101,
587,9.8825,-0.1499,0.0104,1998,1.0000,0.6101,
588,9.8993,-0.1498,0.0104,1999,1.0000,0.6102,
589,9.9162,-0.1498,0.0104,1999,1.0000,0.6091,
590,9.9330,-0.1671,0.0104,1999,1.0000,0.6105,
591,9.9498,-0.2132,0.0099,1999,1.0000,0.6104,
592,9.9667,-0.2551,0.0099,2000,1.0000,0.6087,
593,9.9835,-0.2575,0.0098,1998,1.0000,0.6100,
594,10.0004,-0.2589,0.0095,2000,1.0000,0.6098,
595,10.0172,-0.2596,0.0094,1997,1.0000,0.6105,
596,10.0340,-0.3089,0.0090,2000,1.0000,0.6096,
597,10.0509,-0.3554,0.0077,2000,1.0000,0.6103,
598,10.0677,-0.3596,0.0070,2000,1.0000,0.6101,
599,10.0845,-0.3159,0.0072,2000,1.0000,0.6102,
600,10.1014,-0.2360,0.0094,1991,0.9975,0.6099,
601,10.1182,-0.1567,0.0097,2000,1.0000,0.6110,
602,10.1350,-0.0694,0.0104,2000,1.0000,0.6103,
603,10.1519,-0.0267,0.0106,1999,1.0000,0.6103,
604,10.1687,0.0193,0.0107,2000,1.0000,0.6090,
605,10.1855,0.0656,0.0110,1999,0.9995,0.6098,
606,10.2024,0.1133,0.0116,2000,1.0000,0.6102,
607,10.2192,0.1539,0.0117,2000,1.0000,0.6100,
608,10.2361,0.1559,0.0119,2000,1.0000,0.6100,
609,10.2529,0.1469,0.0117,2000,1.0000,0.6086,
610,10.2697,0.1017,0.0113,2000,1.0000,0.6103,
611,10.2866,0.0519,0.0067,1998,1.0000,0.6101,
612,10.3034,0.0066,0.0053,2000,1.0000,0.6103,
613,10.3202,0.0063,0.0052,1997,1.0000,0.6100,
614,10.3371,0.0141,0.0043,2000,1.0000,0.6099,
615,10.3539,0.0528,0.0006,2000,1.0000,0.6096,
616,10.3707,0.0958,-0.0012,2000,1.0000,0.6101,
617,10.3876,0.0973,-0.0021,2000,1.0000,0.6099,
618,10.4044,0.0966,-0.0022,1998,1.0000,0.6093,
619,10.4212,0.0937,-0.0046,1999,0.9995,0.6101,
620,10.4381,0.1264,-0.0130,2000,1.0000,0.6118,
621,10.4549,0.1667,-0.0143,2000,1.0000,0.6108,
622,10.4717,0.1999,-0.0162,2000,1.0000,0.6106,
623,10.4886,0.1999,-0.0175,1998,0.9995,0.6105,
624,10.5054,0.1044,-0.1574,1988,0.9950,0.6112,
625,10.5223,-0.0823,-0.6420,1986,0.9965,0.6130,
626,10.5391,-0.2760,-0.9899,1991,0.9985,0.6138,
627,10.5559,-0.3764,-1.0405,1997,0.9985,0.6154,
628,10.5728,-0.4688,-1.1872,1998,0.9990,0.6164,
629,10.5896,-0.5432,-1.3824,1989,0.9985,0.6171,
630,10.6064,-0.5863,-1.5312,1970,0.9890,0.6173,
631,10.6233,-0.6331,-1.6283,2000,1.0000,0.6176,
632,10.6401,-0.6346,-1.7251,2000,1.0000,0.6184,
633,10.6569,-0.6361,-1.8229,2000,1.0000,0.6190,
634,10.6738,-0.6401,-1.9207,2000,1.0000,0.6187,
635,10.6906,-0.6497,-2.0652,2000,1.0000,0.6175,
636,10.7074,-0.6977,-2.2590,1999,0.9995,0.6197,
637,10.7243,-0.7453,-2.4540,1997,0.9985,0.6214,
638,10.7411,-0.7926,-2.6006,1999,1.0000,0.6218,
639,10.7580,-0.7912,-2.7407,1998,0.9990,0.6227,
640,10.7748,-0.7886,-2.8863,1998,0.9990,0.6227,
641,10.7916,-0.8200,-3.0335,1999,0.9995,0.6237,
642,10.8085,-0.8680,-3.1746,2000,1.0000,0.6246,
643,10.8253,-0.9583,-3.3324,1997,0.9990,0.6255,
644,10.8421,-1.0091,-3.5058,1997,0.9995,0.6261,
645,10.8590,-1.0088,-3.6435,1998,0.9990,0.6265,
646,10.8758,-0.9828,-3.7407,1991,0.9990,0.6267,
647,10.8926,-0.9656,-3.8382,2000,1.0000,0.6277,
648,10.9095,-0.9608,-3.9645,1997,0.9990,0.6281,
649,10.9263,-0.9529,-4.0776,1999,0.9995,0.6285,
650,10.9431,-0.9130,-4.1834,1999,0.9995,0.6289,
651,10.9600,-0.8629,-4.2817,1998,0.9995,0.6294,
652,10.9768,-0.8116,-4.3750,2000,1.0000,0.6295,
653,10.9937,-0.7594,-4.4683,1997,0.9995,0.6300,
654,11.0105,-0.7104,-4.5605,1999,0.9995,0.6305,
655,11.0273,-0.6946,-4.6555,2000,1.0000,0.6307,
656,11.0442,-0.6912,-4.7538,1999,1.0000,0.6313,
657,11.0610,-0.6896,-4.8589,1999,0.9995,0.6319,
658,11.0778,-0.6443,-4.9641,1998,1.0000,0.6319,
659,11.0947,-0.5986,-5.0876,1991,0.9990,0.6325,
660,11.1115,-0.5647,-5.2257,1978,0.9930,0.6331,
661,11.1283,-0.5556,-5.3730,2000,1.0000,0.6339,
662,11.1452,-0.5560,-5.5573,2000,1.0000,0.6350,
663,11.1620,-0.6037,-5.7582,1999,0.9995,0.6349,
664,11.1788,-0.6544,-5.9442,1999,0.9995,0.6368,
665,11.1957,-0.7013,-6.1084,2000,1.0000,0.6368,
666,11.2125,-0.7013,-6.3019,2000,1.0000,0.6379,
667,11.2294,-0.6561,-6.4952,1997,1.0000,0.6387,
668,11.2462,-0.6101,-6.6890,1999,1.0000,0.6397,
669,11.2630,-0.6015,-6.8802,2000,1.0000,0.6400,
670,11.2799,-0.5873,-7.0730,2000,1.0000,0.6408,
671,11.2967,-0.5462,-7.3194,2000,1.0000,0.6424,
672,11.3135,-0.5310,-7.6085,2000,1.0000,0.6435,
673,11.3304,-0.5787,-7.8837,1997,0.9995,0.6445,
674,11.3472,-0.6278,-8.1269,1999,0.9995,0.6449,
675,11.3640,-0.6295,-8.4184,1998,0.9990,0.6466,
676,11.3809,-0.5813,-8.7891,1999,0.9995,0.6481,
677,11.3977,-0.5319,-9.2381,1999,0.9995,0.6511,
678,11.4145,-0.4834,-9.7366,1999,0.9995,0.6526,
679,11.4314,-0.4371,-10.2620,1999,0.9995,0.6548,
680,11.4482,-0.4242,-10.7755,1994,0.9990,0.6573,
681,11.4650,-0.4222,-11.2978,1995,0.9975,0.6596,
682,11.4819,-0.4570,-11.8784,1997,0.9995,0.6615,
683,11.4987,-0.5053,-12.5018,1998,0.9990,0.6642,
684,11.5156,-0.5498,-13.0842,1996,0.9985,0.6666,
685,11.5324,-0.5640,-13.6228,1992,0.9965,0.6700,
686,11.5492,-0.5670,-14.1999,1995,0.9980,0.6722,
687,11.5661,-0.5699,-14.7910,1998,0.9990,0.6743,
688,11.5829,-0.5827,-15.4140,1998,0.9995,0.6764,
689,11.5997,-0.6280,-16.0411,1995,0.9980,0.6784,
690,11.6166,-0.6665,-16.6509,1970,0.9875,0.6824,
691,11.6334,-0.6637,-17.2790,1999,0.9995,0.6853,
692,11.6502,-0.6164,-17.9106,1999,1.0000,0.6874,
693,11.6671,-0.5671,-18.5438,2000,1.0000,0.6905,
694,11.6839,-0.5653,-19.1664,2000,1.0000,0.6935,
695,11.7007,-0.6079,-19.7014,1999,0.9995,0.6955,
696,11.7176,-0.6542,-20.2214,1998,0.9990,0.6979,
697,11.7344,-0.6542,-20.7634,1998,1.0000,0.6997,
698,11.7513,-0.6542,-21.3053,1995,0.9990,0.7027,
699,11.7681,-0.6533,-21.8761,1995,0.9995,0.7052,
700,11.7849,-0.6966,-22.4004,1998,0.9995,0.7062,
701,11.8018,-0.7442,-22.8896,1998,0.9990,0.7112,
702,11.8186,-0.7941,-23.4154,1999,0.9995,0.7117,
703,11.8354,-0.8425,-23.9329,1991,0.9975,0.7144,
704,11.8523,-0.8603,-24.4587,1999,0.9995,0.7162,
705,11.8691,-0.8600,-25.0288,1988,0.9995,0.7190,
706,11.8859,-0.8604,-25.6096,1992,0.9995,0.7210,
707,11.9028,-0.8987,-26.2110,1997,0.9985,0.7227,
708,11.9196,-0.9391,-26.8348,1997,0.9990,0.7262,
709,11.9364,-0.9390,-27.5096,1999,0.9995,0.7292,
710,11.9533,-0.9391,-28.2212,1999,0.9995,0.7326,
711,11.9701,-0.9455,-28.9028,1999,1.0000,0.7357,
712,11.9870,-0.9926,-29.6289,1998,0.9990,0.7382,
713,12.0038,-1.0040,-30.4515,1991,0.9960,0.7417,
714,12.0206,-0.9917,-31.3725,1985,0.9960,0.7456,
715,12.0375,-0.9469,-32.3414,1991,0.9995,0.7494,
716,12.0543,-0.8544,-33.4071,1976,0.9905,0.7545,
717,12.0711,-0.8092,-34.5055,1992,0.9980,0.7582,
718,12.0880,-0.8457,-35.5692,1990,0.9955,0.7642,
719,12.1048,-0.8959,-36.6357,1988,0.9950,0.7689,
720,12.1216,-0.9684,-37.6527,1928,0.9670,0.7724,
721,12.1385,-1.0161,-38.6457,1997,1.0000,0.7772,
722,12.1553,-1.0641,-39.5591,2000,1.0000,0.7812,
723,12.1721,-1.1353,-40.3885,1990,0.9970,0.7847,
724,12.1890,-1.2073,-41.2154,1983,0.9965,0.7888,
725,12.2058,-1.2976,-42.0394,1998,0.9995,0.7927,
726,12.2227,-1.3904,-42.8605,1999,0.9995,0.7957,
727,12.2395,-1.4126,-43.6813,1987,0.9975,0.7982,
728,12.2563,-1.3825,-44.6009,1981,0.9945,0.8031,
729,12.2732,-1.3295,-45.5235,1990,0.9960,0.8074,
730,12.2900,-1.2807,-46.4462,1994,0.9970,0.8112,
731,12.3068,-1.2325,-47.3641,1998,1.0000,0.8156,
732,12.3237,-1.2320,-48.3324,1987,0.9980,0.8192,
733,12.3405,-1.2768,-49.3925,1989,0.9945,0.8239,
734,12.3573,-1.3245,-50.4680,1992,0.9970,0.8280,
735,12.3742,-1.4160,-51.5783,1996,0.9980,0.8329,
736,12.3910,-1.4958,-52.7023,1987,0.9950,0.8386,
737,12.4078,-1.5741,-53.8270,1987,0.9960,0.8444,
738,12.4247,-1.5814,-54.9901,1990,0.9955,0.8470,
739,12.4415,-1.5806,-56.1874,1993,0.9985,0.8531,
740,12.4584,-1.5787,-57.3880,1984,0.9935,0.8581,
741,12.4752,-1.5388,-58.6588,1981,0.9915,0.8630,
742,12.4920,-1.5371,-59.9768,1989,0.9965,0.8680,
743,12.5089,-1.5387,-61.2465,1981,0.9940,0.8764,
744,12.5257,-1.5440,-62.5207,1976,0.9925,0.8818,
745,12.5425,-1.5467,-63.8977,1967,0.9920,0.8865,
746,12.5594,-1.5623,-65.2446,1973,0.9975,0.8866,
747,12.5762,-1.5853,-66.4918,1957,0.9939,0.8963,
748,12.5930,-1.6297,-67.8076,1986,0.9935,0.8963,
749,12.6099,-1.6832,-69.2383,1954,0.9890,0.9025,
750,12.6267,-1.7606,-70.6962,1868,0.9288,0.9042,
751,12.6435,-1.8558,-72.1530,1965,0.9954,0.8968,
752,12.6604,-1.9499,-73.6082,1965,0.9940,0.9093,
753,12.6772,-2.0187,-75.0756,1962,0.9935,0.9056,
754,12.6940,-2.0686,-76.6166,1973,0.9895,0.9095,
755,12.7109,-2.1177,-78.2562,1975,0.9920,0.9058,
756,12.7277,-2.1673,-79.8964,1978,0.9965,0.9070,
757,12.7446,-2.2189,-81.5324,1977,0.9935,0.9056,
758,12.7614,-2.3123,-83.1557,1940,0.9889,0.9071,
759,12.7782,-2.3671,-84.7591,1955,0.9924,0.9064,
760,12.7951,-2.4153,-86.3737,1961,0.9929,0.9018,
761,12.8119,-2.4641,-87.9986,1955,0.9909,0.9038,
762,12.8287,-2.5112,-89.5004,1973,0.9930,0.9007,
763,12.8456,-2.5617,-90.9357,1970,0.9940,0.8983,
764,12.8624,-2.6084,-92.3412,1963,0.9869,0.8934,
765,12.8792,-2.6680,-93.7733,1961,0.9890,0.8915,
766,12.8961,-2.7534,-95.2596,1966,0.9945,0.8832,
767,12.9129,-2.8386,-96.7727,1972,0.9900,0.8764,
768,12.9297,-2.8877,-98.3398,1970,0.9905,0.8711,
769,12.9466,-2.8903,-100.0077,1981,0.9935,0.8629,
770,12.9634,-2.8511,-101.7448,1950,0.9854,0.8557,
771,12.9803,-2.8038,-103.4923,1973,0.9905,0.8496,
772,12.9971,-2.7545,-105.2501,1978,0.9930,0.8423,
773,13.0139,-2.7028,-107.0225,1978,0.9925,0.8336,
774,13.0308,-2.6665,-108.7668,1956,0.9895,0.8267,
775,13.0476,-2.6408,-110.5455,1957,0.9835,0.8132,
776,13.0644,-2.6393,-112.4810,1893,0.9899,0.8114,
777,13.0813,-2.6678,-114.5401,1956,0.9844,0.7978,
778,13.0981,-2.7172,-116.6288,1961,0.9859,0.7910,
779,13.1149,-2.7712,-118.7128,1932,0.9772,0.7812,
780,13.1318,-2.8342,-120.7031,1850,0.9009,0.7714,
781,13.1486,-2.9171,-122.5406,1956,0.9859,0.7628,
782,13.1654,-3.0363,-124.2177,1926,0.9809,0.7528,
783,13.1823,-3.1724,-125.8881,1946,0.9779,0.7512,
784,13.1991,-3.3129,-127.4714,1934,0.9768,0.7419,
785,13.2160,-3.4674,-128.7988,1945,0.9703,0.7376,
786,13.2328,-3.6549,-129.9601,1961,0.9803,0.7353,
787,13.2496,-3.7997,-131.0210,1951,0.9773,0.7303,
788,13.2665,-3.8972,-132.0820,1965,0.9890,0.7231,
789,13.2833,-3.9977,-133.0331,1968,0.9849,0.7176,
790,13.3001,-4.1122,-133.9079,1975,0.9854,0.7153,
791,13.3170,-4.2071,-134.7881,1953,0.9854,0.7140,
792,13.3338,-4.2554,-135.7651,1966,0.9890,0.7061,
793,13.3506,-4.2566,-136.7657,1967,0.9905,0.7059,
794,13.3675,-4.2555,-137.8652,1976,0.9940,0.7015,
795,13.3843,-4.2480,-139.0215,1954,0.9849,0.6945,
796,13.4011,-4.2408,-140.1799,1980,0.9935,0.6926,
797,13.4180,-4.2177,-141.3300,1967,0.9930,0.6821,
798,13.4348,-4.1982,-142.4455,1966,0.9930,0.6788,
799,13.4517,-4.1969,-143.5308,1972,0.9930,0.6757,
800,13.4685,-4.2426,-144.6328,1948,0.9824,0.6728,
801,13.4853,-4.3358,-145.6992,1960,0.9929,0.6672,
802,13.5022,-4.4298,-146.7690,1961,0.9939,0.6533,
803,13.5190,-4.5291,-147.8366,1958,0.9869,0.6565,
804,13.5358,-4.6345,-148.9027,1973,0.9910,0.6513,
805,13.5527,-4.7312,-150.0163,1969,0.9895,0.6472,
806,13.5695,-4.8259,-151.2337,1958,0.9869,0.6428,
807,13.5863,-4.8600,-152.4432,1958,0.9879,0.6340,
808,13.6032,-4.8595,-153.7966,1931,0.9874,0.6302,
809,13.6200,-4.8141,-155.2948,1953,0.9804,0.6218,
810,13.6368,-4.7492,-156.8496,1889,0.9357,0.6163,
811,13.6537,-4.7035,-158.4408,1978,0.9935,0.6094,
812,13.6705,-4.7099,-160.0818,1964,0.9880,0.5978,
813,13.6874,-4.7560,-161.7851,1966,0.9894,0.5930,
814,13.7042,-4.8061,-163.6086,1950,0.9844,0.5885,
815,13.7210,-4.8461,-165.5336,1948,0.9880,0.5785,
816,13.7379,-4.8527,-167.4657,1949,0.9884,0.5700,
817,13.7547,-4.8516,-169.4014,1929,0.9919,0.5585,
818,13.7715,-4.8856,-171.2840,1961,0.9894,0.5528,
819,13.7884,-4.9578,-173.0277,1937,0.9783,0.5462,
820,13.8052,-5.0546,-174.6372,1936,0.9743,0.5369,
821,13.8220,-5.1960,-176.0336,1956,0.9849,0.5330,
822,13.8389,-5.3363,-177.2909,1941,0.9729,0.5209,
823,13.8557,-5.4570,-178.3904,1938,0.9820,0.5225,
824,13.8725,-5.5911,-179.3763,1964,0.9835,0.5190,
825,13.8894,-5.7120,-180.2750,1926,0.9834,0.5153,
826,13.9062,-5.8092,-181.1490,1952,0.9909,0.5094,
827,13.9230,-5.9058,-182.0901,1971,0.9894,0.5068,
828,13.9399,-5.9685,-183.0805,1945,0.9828,0.5029,
829,13.9567,-5.9857,-183.9946,1955,0.9800,0.4973,
830,13.9736,-5.9851,-184.8066,1968,0.9885,0.4946,
831,13.9904,-5.9844,-185.5806,1973,0.9980,0.4916,
832,14.0072,-5.9847,-186.3211,1979,0.9955,0.4880,
833,14.0241,-6.0269,-187.0345,1988,0.9980,0.4842,
834,14.0409,-6.0728,-187.7578,1985,0.9935,0.4816,
835,14.0577,-6.1422,-188.4357,1975,0.9940,0.4790,
836,14.0746,-6.2087,-189.1089,1960,0.9920,0.4764,
837,14.0914,-6.2552,-189.7845,1971,0.9925,0.4703,
838,14.1082,-6.3005,-190.4418,1983,0.9950,0.4695,
839,14.1251,-6.3444,-191.0799,1973,0.9915,0.4674,
840,14.1419,-6.3776,-191.7366,1934,0.9694,0.4644,
841,14.1587,-6.4191,-192.4120,1984,0.9960,0.4608,
842,14.1756,-6.4230,-193.0915,1986,0.9950,0.4567,
843,14.1924,-6.4261,-193.8236,1990,0.9985,0.4548,
844,14.2093,-6.4377,-194.5645,1979,0.9945,0.4482,
845,14.2261,-6.4378,-195.3376,1989,0.9980,0.4464,
846,14.2429,-6.4410,-196.1215,1972,0.9950,0.4433,
847,14.2598,-6.4908,-196.9437,1980,0.9925,0.4376,
848,14.2766,-6.5397,-197.7528,1993,0.9980,0.4367,
849,14.2934,-6.5533,-198.5282,1968,0.9950,0.4344,
850,14.3103,-6.5586,-199.2630,1982,0.9955,0.4314,
851,14.3271,-6.5589,-199.8866,1981,0.9945,0.4283,
852,14.3439,-6.5591,-200.4661,1975,0.9965,0.4259,
853,14.3608,-6.6062,-200.9479,1988,0.9970,0.4240,
854,14.3776,-6.6289,-201.3754,1992,0.9985,0.4221,
855,14.3944,-6.6299,-201.7657,1978,0.9985,0.4199,
856,14.4113,-6.6302,-202.1487,1973,0.9960,0.4214,
857,14.4281,-6.6738,-202.4368,1986,0.9950,0.4173,
858,14.4450,-6.6732,-202.6294,1967,0.9945,0.4162,
859,14.4618,-6.6324,-202.7241,1995,0.9975,0.4178,
860,14.4786,-6.6108,-202.7670,1988,0.9985,0.4176,
861,14.4955,-6.5656,-202.7791,1990,0.9985,0.4172,
862,14.5123,-6.5183,-202.7808,1997,0.9985,0.4163,
863,14.5291,-6.5005,-202.7802,1994,0.9985,0.4168,
864,14.5460,-6.5006,-202.7702,1985,0.9960,0.4169,
865,14.5628,-6.5434,-202.7316,1995,0.9980,0.4168,
866,14.5796,-6.6112,-202.6889,1998,0.9990,0.4166,
867,14.5965,-6.6833,-202.6615,1991,0.9990,0.4183,
868,14.6133,-6.7418,-202.6445,1988,0.9985,0.4185,
869,14.6301,-6.7439,-202.6439,1985,0.9985,0.4175,
870,14.6470,-6.7083,-202.6263,1978,0.9930,0.4165,
871,14.6638,-6.6119,-202.6211,1997,0.9995,0.4182,
872,14.6807,-6.4693,-202.5894,1998,0.9995,0.4181,
873,14.6975,-6.3306,-202.5443,1999,1.0000,0.4194,
874,14.7143,-6.2621,-202.5096,1996,0.9995,0.4190,
875,14.7312,-6.2324,-202.4725,2000,1.0000,0.4190,
876,14.7480,-6.2309,-202.4306,1998,0.9995,0.4185,
877,14.7648,-6.2350,-202.3396,1999,0.9995,0.4189,
878,14.7817,-6.2781,-202.2421,2000,1.0000,0.4164,
879,14.7985,-6.3275,-202.1671,1999,1.0000,0.4189,
880,14.8153,-6.3702,-202.1419,1999,0.9995,0.4202,
881,14.8322,-6.3940,-202.1288,1998,0.9995,0.4202,
882,14.8490,-6.4265,-202.1019,2000,1.0000,0.4187,
883,14.8658,-6.4667,-202.0741,2000,1.0000,0.4209,
884,14.8827,-6.4957,-202.0685,1998,0.9990,0.4218,
885,14.8995,-6.5359,-202.0447,1997,0.9990,0.4205,
886,14.9163,-6.5751,-202.0119,1999,1.0000,0.4194,
887,14.9332,-6.6140,-201.9770,2000,1.0000,0.4212,
888,14.9500,-6.6161,-201.9638,2000,1.0000,0.4210,
889,14.9669,-6.6176,-201.9502,1990,1.0000,0.4203,
890,14.9837,-6.6221,-201.9246,1995,0.9995,0.4175,
891,15.0005,-6.6224,-201.9024,1999,1.0000,0.4217,
892,15.0174,-6.6230,-201.8752,1998,0.9995,0.4213,
893,15.0342,-6.6242,-201.8481,1998,1.0000,0.4223,
894,15.0510,-6.6248,-201.8179,1999,1.0000,0.4217,
895,15.0679,-6.6246,-201.7817,2000,1.0000,0.4229,
896,15.0847,-6.6239,-201.7419,1996,0.9990,0.4216,
897,15.1015,-6.6030,-201.6977,1990,0.9970,0.4223,
898,15.1184,-6.5910,-201.6575,1999,1.0000,0.4226,
899,15.1352,-6.5731,-201.6062,1998,0.9995,0.4235,
900,15.1520,-6.5030,-201.5388,1988,0.9975,0.4227,
901,15.1689,-6.4310,-201.4882,2000,1.0000,0.4229,
902,15.1857,-6.3681,-201.4383,1999,1.0000,0.4244,
903,15.2026,-6.3141,-201.3520,1999,1.0000,0.4239,
904,15.2194,-6.2221,-201.2583,2000,1.0000,0.4240,
905,15.2362,-6.1455,-201.1626,1998,1.0000,0.4235,
906,15.2531,-6.0910,-201.0598,1999,0.9995,0.4251,
907,15.2699,-6.0913,-200.9133,1999,0.9995,0.4259,
908,15.2867,-6.1505,-200.7671,1997,0.9990,0.4267,
909,15.3036,-6.1054,-200.5480,1994,0.9975,0.4274,
910,15.3204,-6.0570,-200.3308,1997,0.9990,0.4298,
911,15.3372,-5.9100,-200.0802,1987,0.9995,0.4302,
912,15.3541,-5.7239,-199.7826,1998,1.0000,0.4318,
913,15.3709,-5.5850,-199.4000,1999,0.9995,0.4329,
914,15.3877,-5.4900,-198.9667,1989,0.9965,0.4348,
915,15.4046,-5.3935,-198.4812,1988,0.9955,0.4371,
916,15.4214,-5.2519,-197.9945,1998,1.0000,0.4394,
917,15.4383,-5.0421,-197.5069,1995,0.9985,0.4416,
918,15.4551,-4.7958,-197.0541,1990,0.9965,0.4427,
919,15.4719,-4.5592,-196.6684,1984,0.9970,0.4453,
920,15.4888,-4.3742,-196.2989,1995,0.9995,0.4469,
921,15.5056,-4.3262,-195.9172,1995,0.9975,0.4481,
922,15.5224,-4.3262,-195.5260,2000,1.0000,0.4500,
923,15.5393,-4.3663,-195.0873,1975,0.9980,0.4525,
924,15.5561,-4.4034,-194.6021,1995,0.9975,0.4537,
925,15.5729,-4.4050,-194.0213,1987,0.9950,0.4578,
926,15.5898,-4.4062,-193.2921,1995,0.9980,0.4601,
927,15.6066,-4.4521,-192.3351,1968,0.9810,0.4643,
928,15.6234,-4.5446,-191.0792,1946,0.9775,0.4687,
929,15.6403,-4.6437,-189.4958,1974,0.9700,0.4780,
930,15.6571,-4.7604,-187.7497,1885,0.9040,0.4855,
931,15.6740,-4.8972,-186.1044,1991,0.9960,0.4916,
932,15.6908,-4.9946,-184.4063,1981,0.9855,0.4990,
933,15.7076,-5.0445,-182.5365,1969,0.9850,0.5051,
934,15.7245,-5.0452,-180.6183,1934,0.9840,0.5157,
935,15.7413,-4.9613,-178.6595,1954,0.9695,0.5262,
936,15.7581,-4.8650,-176.5890,1964,0.9685,0.5344,
937,15.7750,-4.7669,-174.3122,1971,0.9745,0.5463,
938,15.7918,-4.6262,-172.0613,1957,0.9800,0.5536,
939,15.8086,-4.4837,-169.9686,1948,0.9735,0.5649,
940,15.8255,-4.3478,-167.8750,1960,0.9740,0.5710,
941,15.8423,-4.2506,-165.5953,1942,0.9515,0.5794,
942,15.8591,-4.1554,-163.1827,1938,0.9575,0.5907,
943,15.8760,-4.0855,-160.4043,1735,0.8495,0.6094,
944,15.8928,-4.0887,-157.4920,1926,0.9545,0.6009,
945,15.9097,-4.1094,-154.5611,1915,0.9205,0.6216,
946,15.9265,-4.1180,-151.6694,1965,0.9535,0.6404,
947,15.9433,-4.1172,-148.8403,1885,0.9370,0.6475,
948,15.9602,-4.0248,-146.1414,1851,0.9005,0.6679,
949,15.9770,-3.8828,-143.5942,1896,0.9360,0.6719,
950,15.9938,-3.7449,-141.0468,1923,0.9580,0.6918,
951,16.0107,-3.5992,-138.5945,1965,0.9585,0.7050,
952,16.0275,-3.4084,-136.2638,1851,0.9555,0.7114,
953,16.0443,-3.2088,-133.8244,1957,0.9590,0.7203,
954,16.0612,-3.0178,-131.2227,1921,0.9485,0.7291,
955,16.0780,-2.8635,-128.6055,1893,0.9260,0.7457,
956,16.0948,-2.7644,-126.0246,1900,0.9140,0.7594,
957,16.1117,-2.7142,-123.4765,1908,0.9505,0.7654,
958,16.1285,-2.7121,-120.9508,1937,0.9705,0.7751,
959,16.1453,-2.7126,-118.2351,1952,0.9300,0.8008,
960,16.1622,-2.6974,-115.3119,1800,0.7435,0.8108,
961,16.1790,-2.7001,-112.6048,1964,0.9890,0.8157,
962,16.1959,-2.7357,-110.1146,1953,0.9595,0.8302,
963,16.2127,-2.7737,-107.6124,1918,0.9725,0.8421,
964,16.2295,-2.7715,-105.0455,1958,0.9670,0.8508,
965,16.2464,-2.7173,-102.4775,1897,0.9445,0.8588,
966,16.2632,-2.6450,-99.9348,1933,0.9555,0.8718,
967,16.2800,-2.5526,-97.4402,1964,0.9775,0.8834,
968,16.2969,-2.4603,-95.0187,1950,0.9705,0.8929,
969,16.3137,-2.3630,-92.6056,1944,0.9555,0.9059,
970,16.3305,-2.2021,-90.1009,1934,0.9690,0.9085,
971,16.3474,-2.0512,-87.5636,1893,0.9688,0.9187,
972,16.3642,-1.9452,-85.1222,1857,0.9449,0.9058,
973,16.3810,-1.8785,-82.5835,1804,0.9303,0.9222,
974,16.3979,-1.8388,-79.9616,1904,0.9425,0.9256,
975,16.4147,-1.8382,-77.4411,1881,0.9016,0.9237,
976,16.4316,-1.8375,-74.9244,1869,0.9345,0.9138,
977,16.4484,-1.8375,-72.3292,1850,0.9333,0.9062,
978,16.4652,-1.8426,-69.5617,1902,0.9040,0.9096,
979,16.4821,-1.8783,-66.6745,1799,0.9010,0.8958,
980,16.4989,-1.9336,-63.9228,1896,0.9386,0.8915,
981,16.5157,-1.9894,-61.3644,1871,0.9189,0.8795,
982,16.5326,-1.9914,-58.8607,1924,0.9442,0.8670,
983,16.5494,-1.9630,-56.4277,1899,0.9470,0.8605,
984,16.5662,-1.8900,-54.0293,1882,0.9585,0.8488,
985,16.5831,-1.7709,-51.7289,1876,0.9311,0.8313,
986,16.5999,-1.6260,-49.4414,1905,0.9574,0.8249,
987,16.6167,-1.4853,-47.1768,1906,0.9713,0.8113,
988,16.6336,-1.3465,-44.9495,1869,0.9502,0.8030,
989,16.6504,-1.2149,-42.7337,1845,0.9441,0.7941,
990,16.6673,-1.1130,-40.5327,1759,0.7553,0.7830,
991,16.6841,-1.0181,-38.4503,1937,0.9908,0.7747,
992,16.7009,-0.9244,-36.3671,1942,0.9837,0.7653,
993,16.7178,-0.8824,-34.2631,1939,0.9853,0.7578,
994,16.7346,-0.8837,-32.1360,1873,0.9776,0.7446,
995,16.7514,-0.9234,-30.0127,1909,0.9707,0.7382,
996,16.7683,-0.9759,-27.9060,1955,0.9804,0.7250,
997,16.7851,-1.0294,-25.8892,1942,0.9758,0.7191,
998,16.8019,-1.0331,-23.9780,1917,0.9797,0.7086,
999,16.8188,-1.0307,-22.0926,1932,0.9722,0.7025,
1000,16.8356,-0.9849,-20.1978,1942,0.9803,0.6909,
1001,16.8524,-0.9379,-18.2923,1951,0.9824,0.6864,
1002,16.8693,-0.8947,-16.3604,1942,0.9878,0.6801,
1003,16.8861,-0.8528,-14.4546,1943,0.9834,0.6698,
1004,16.9030,-0.8041,-12.5250,1926,0.9782,0.6610,
1005,16.9198,-0.7385,-10.4073,1913,0.9590,0.6496,
1006,16.9366,-0.6913,-8.1814,1921,0.9701,0.6412,
1007,16.9535,-0.6409,-5.9372,1882,0.9515,0.6321,
1008,16.9703,-0.6424,-3.5131,1833,0.9350,0.6222,
1009,16.9871,-0.6521,-0.9256,1895,0.9494,0.5979,
1010,17.0040,-0.6996,1.7402,1928,0.9766,0.5931,
1011,17.0208,-0.7418,4.2127,1872,0.9209,0.5885,
1012,17.0376,-0.7279,6.4542,1866,0.9477,0.5799,
1013,17.0545,-0.6675,8.3891,1845,0.9172,0.5676,
1014,17.0713,-0.5530,10.0339,1933,0.9468,0.5630,
1015,17.0881,-0.3713,11.5768,1924,0.9750,0.5583,
1016,17.1050,-0.1777,12.9866,1885,0.9426,0.5503,
1017,17.1218,0.0132,14.3340,1946,0.9752,0.5441,
1018,17.1386,0.1630,15.7868,1930,0.9749,0.5377,
1019,17.1555,0.2592,17.4227,1875,0.9601,0.5327,
1020,17.1723,0.3255,19.0461,1711,0.7643,0.5234,
1021,17.1892,0.3689,20.5041,1955,0.9774,0.5144,
1022,17.2060,0.3924,21.7620,1935,0.9727,0.5097,
1023,17.2228,0.4131,22.9536,1926,0.9733,0.5059,
1024,17.2397,0.4211,24.1174,1940,0.9833,0.4981,
1025,17.2565,0.4305,25.2578,1946,0.9909,0.4949,
1026,17.2733,0.4481,26.3322,1945,0.9779,0.4909,
1027,17.2902,0.4464,27.3846,1941,0.9768,0.4863,
1028,17.3070,0.4448,28.3652,1936,0.9814,0.4818,
1029,17.3238,0.4691,29.2668,1933,0.9729,0.4779,
1030,17.3407,0.5351,30.1254,1943,0.9865,0.4750,
1031,17.3575,0.6231,30.9314,1949,0.9760,0.4705,
1032,17.3743,0.6728,31.6561,1977,0.9895,0.4674,
1033,17.3912,0.7186,32.3275,1929,0.9658,0.4659,
1034,17.4080,0.7560,32.7980,1945,0.9685,0.4624,
1035,17.4249,0.7976,33.1711,1956,0.9835,0.4616,
1036,17.4417,0.8925,33.4103,1991,0.9940,0.4602,
1037,17.4585,1.0065,33.5534,1985,0.9965,0.4593,
1038,17.4754,1.1046,33.6326,1991,0.9965,0.4605,
1039,17.4922,1.1653,33.6262,1997,0.9990,0.4597,
1040,17.5090,1.1258,33.5875,1987,0.9955,0.4601,
1041,17.5259,0.9848,33.5401,1989,0.9945,0.4596,
1042,17.5427,0.7992,33.5049,1987,0.9995,0.4608,
1043,17.5595,0.6154,33.4611,1985,0.9955,0.4621,
1044,17.5764,0.4728,33.4139,1977,0.9895,0.4599,
1045,17.5932,0.3277,33.3698,1989,0.9945,0.4606,
1046,17.6100,0.1791,33.3204,1991,0.9955,0.4616,
1047,17.6269,0.0108,33.2334,1979,0.9950,0.4618,
1048,17.6437,-0.1330,33.1358,1990,0.9965,0.4628,
1049,17.6606,-0.2133,33.0429,1986,0.9965,0.4628,
1050,17.6774,-0.1850,32.9457,1916,0.9610,0.4632,
1051,17.6942,-0.0889,32.8476,2000,1.0000,0.4633,
1052,17.7111,0.0079,32.7494,2000,1.0000,0.4640,
1053,17.7279,0.0634,32.6454,1995,0.9985,0.4646,
1054,17.7447,0.0856,32.5309,1997,0.9985,0.4657,
1055,17.7616,0.1300,32.4104,1999,1.0000,0.4657,
1056,17.7784,0.2055,32.2635,1999,0.9995,0.4668,
1057,17.7952,0.2685,32.0661,1997,0.9995,0.4669,
1058,17.8121,0.2988,31.8252,2000,1.0000,0.4689,
1059,17.8289,0.2669,31.5342,1997,0.9985,0.4697,
1060,17.8457,0.1605,31.1486,1991,0.9960,0.4715,
1061,17.8626,-0.0323,30.7368,1999,0.9995,0.4734,
1062,17.8794,-0.2239,30.1907,1996,0.9980,0.4753,
1063,17.8963,-0.3303,29.5009,1991,0.9975,0.4785,
1064,17.9131,-0.3367,28.7288,1994,0.9970,0.4819,
1065,17.9299,-0.2438,28.0015,1991,0.9945,0.4854,
1066,17.9468,-0.2338,27.1968,1984,0.9920,0.4895,
1067,17.9636,-0.1854,26.4697,1982,0.9860,0.4935,
1068,17.9804,-0.2804,25.7007,1992,0.9965,0.4951,
1069,17.9973,-0.4265,24.8779,1985,0.9925,0.4977,
1070,18.0141,-0.5269,24.0169,1982,0.9930,0.5032,
1071,18.0309,-0.5740,22.9995,1963,0.9780,0.5070,
1072,18.0478,-0.5788,21.7713,1961,0.9800,0.5105,
1073,18.0646,-0.5755,20.2838,1961,0.9750,0.5167,
1074,18.0814,-0.5732,18.6118,1946,0.9735,0.5263,
1075,18.0983,-0.5242,16.7072,1947,0.9575,0.5335,
1076,18.1151,-0.4243,14.6519,1902,0.9635,0.5441,
1077,18.1320,-0.3267,12.3182,1888,0.9425,0.5500,
1078,18.1488,-0.2818,9.8138,1901,0.9345,0.5514,
1079,18.1656,-0.3530,7.1414,1924,0.9245,0.5660,
1080,18.1825,-0.2597,4.2561,1303,0.2346,0.5903,
1081,18.1993,-0.4750,1.5060,1355,0.5700,0.5948,
1082,18.2161,-0.6743,-1.0068,1815,0.6330,0.6175,
1083,18.2330,-0.7344,-4.6190,1606,0.6608,0.6308,
1084,18.2498,-0.8174,-7.8084,1801,0.5043,0.6331,
1085,18.2666,-1.0078,-10.8548,1712,0.7139,0.6610,
1086,18.2835,-0.9119,-14.2499,1230,0.2786,0.6603,
1087,18.3003,-1.1185,-17.6734,1373,0.4750,0.6773,
1088,18.3171,-1.3564,-20.7846,1797,0.7055,0.6997,
1089,18.3340,-1.5226,-24.1490,1645,0.6945,0.7134,
1090,18.3508,-1.5777,-27.7476,1749,0.7565,0.7259,
1091,18.3676,-1.7231,-31.9940,1667,0.5715,0.7422,
1092,18.3845,-1.8175,-35.2081,1921,0.9070,0.7540,
1093,18.4013,-1.8849,-38.4073,1947,0.9530,0.7682,
1094,18.4182,-1.9258,-41.4633,1910,0.9290,0.7820,
1095,18.4350,-1.9661,-44.4674,1956,0.9630,0.7971,
1096,18.4518,-1.9914,-47.4784,1938,0.9625,0.8089,
1097,18.4687,-2.0835,-50.4774,1918,0.9450,0.8208,
1098,18.4855,-2.2286,-53.4102,1951,0.9685,0.8373,
1099,18.5023,-2.4165,-56.2366,1938,0.9500,0.8495,
1100,18.5192,-2.5858,-59.2096,1894,0.9175,0.8575,
1101,18.5360,-2.7650,-62.2295,1945,0.9630,0.8718,
1102,18.5528,-2.9351,-65.2259,1952,0.9743,0.8826,
1103,18.5697,-3.1174,-68.4347,1911,0.9373,0.8861,
1104,18.5865,-3.2615,-71.7004,1911,0.9638,0.8959,
1105,18.6033,-3.3673,-74.9968,1918,0.9626,0.9007,
1106,18.6202,-3.4529,-78.3750,1916,0.9551,0.8946,
1107,18.6370,-3.5080,-81.7734,1874,0.9511,0.8938,
1108,18.6539,-3.5044,-85.2540,1878,0.9594,0.9015,
1109,18.6707,-3.4842,-88.7214,1891,0.9708,0.8898,
1110,18.6875,-3.5346,-91.9898,1744,0.7838,0.8834,
1111,18.7044,-3.6808,-95.2336,1942,0.9828,0.8841,
1112,18.7212,-3.8444,-98.4813,1934,0.9909,0.8697,
1113,18.7380,-4.0102,-101.7209,1901,0.9626,0.8582,
1114,18.7549,-4.1954,-104.8101,1961,0.9794,0.8437,
1115,18.7717,-4.3867,-107.8049,1952,0.9764,0.8316,
1116,18.7885,-4.5703,-110.7582,1961,0.9794,0.8209,
1117,18.8054,-4.7598,-113.4781,1915,0.9673,0.8098,
1118,18.8222,-4.9547,-116.1764,1941,0.9798,0.7981,
1119,18.8390,-5.1475,-118.7900,1942,0.9853,0.7881,
1120,18.8559,-5.3435,-121.3673,1953,0.9854,0.7765,
1121,18.8727,-5.5264,-124.0821,1946,0.9798,0.7624,
1122,18.8896,-5.6515,-126.8830,1903,0.9712,0.7485,
1123,18.9064,-5.7587,-129.5639,1925,0.9760,0.7393,
1124,18.9232,-5.8959,-131.9817,1894,0.9578,0.7277,
1125,18.9401,-6.0298,-134.3505,1921,0.9802,0.7189,
1126,18.9569,-6.1307,-136.6356,1921,0.9736,0.7098,
1127,18.9737,-6.2335,-138.8644,1897,0.9627,0.7012,
1128,18.9906,-6.3773,-141.0278,1910,0.9756,0.6899,
1129,19.0074,-6.5185,-143.2412,1923,0.9727,0.6792,
1130,19.0242,-6.6705,-145.3662,1920,0.9791,0.6689,
1131,19.0411,-6.7688,-147.4968,1917,0.9806,0.6627,
1132,19.0579,-6.8642,-149.5572,1921,0.9807,0.6489,
1133,19.0747,-6.9891,-151.6874,1927,0.9727,0.6416,
1134,19.0916,-7.0986,-154.0989,1872,0.9431,0.6332,
1135,19.1084,-7.1896,-156.7132,1909,0.9598,0.6200,
1136,19.1253,-7.2283,-159.4003,1905,0.9736,0.6090,
1137,19.1421,-7.2747,-161.9218,1929,0.9711,0.5962,
1138,19.1589,-7.3267,-164.2798,1889,0.9568,0.5898,
1139,19.1758,-7.3871,-166.5988,1926,0.9723,0.5796,
1140,19.1926,-7.5103,-168.7475,1772,0.8579,0.5690,
1141,19.2094,-7.7018,-170.8963,1927,0.9924,0.5589,
1142,19.2263,-7.8643,-173.1204,1931,0.9828,0.5514,
1143,19.2431,-8.0536,-175.0752,1937,0.9849,0.5419,
1144,19.2599,-8.2431,-176.8202,1956,0.9894,0.5299,
1145,19.2768,-8.3434,-178.0316,1922,0.9668,0.5267,
1146,19.2936,-8.4888,-179.4998,1963,0.9890,0.5211,
1147,19.3104,-8.6298,-180.9498,1961,0.9899,0.5195,
1148,19.3273,-8.7244,-182.2052,1939,0.9784,0.5115,
1149,19.3441,-8.8199,-183.2701,1933,0.9819,0.5073,
1150,19.3610,-8.9142,-184.1208,1938,0.9855,0.5049,
1151,19.3778,-9.0049,-184.6974,1961,0.9845,0.5017,
1152,19.3946,-9.0507,-185.0944,1968,0.9880,0.4997,
1153,19.4115,-9.1009,-185.2886,1970,0.9935,0.4977,
1154,19.4283,-9.1574,-185.3360,1989,0.9965,0.4995,
1155,19.4451,-9.1972,-185.3356,1986,0.9980,0.4993,
1156,19.4620,-9.1971,-185.3354,1983,0.9990,0.5001,
1157,19.4788,-9.1500,-185.3315,1992,0.9980,0.4990,
1158,19.4956,-9.0585,-185.3301,1995,0.9980,0.4987,
1159,19.5125,-8.9620,-185.3172,1995,0.9980,0.4997,
1160,19.5293,-8.8174,-185.3131,1996,0.9985,0.4976,
1161,19.5461,-8.6238,-185.3116,1994,0.9990,0.4954,
1162,19.5630,-8.3305,-185.2636,1994,0.9970,0.4998,
1163,19.5798,-7.9495,-185.2395,1993,0.9980,0.5000,
1164,19.5966,-7.6171,-185.1932,1995,0.9985,0.5002,
1165,19.6135,-7.3830,-185.1876,1988,0.9985,0.4999,
1166,19.6303,-7.1596,-185.1785,1988,0.9985,0.5005,
1167,19.6472,-6.9632,-185.1666,1995,0.9990,0.5001,
1168,19.6640,-6.7810,-185.1478,1990,1.0000,0.4969,
1169,19.6808,-6.6808,-185.1033,1999,1.0000,0.4994,
1170,19.6977,-6.6491,-185.0866,1959,0.9865,0.4998,
1171,19.7145,-6.7104,-185.0424,1999,1.0000,0.4990,
1172,19.7313,-6.8324,-185.0418,2000,1.0000,0.4997,
1173,19.7482,-6.9787,-185.0379,1998,0.9990,0.4993,
1174,19.7650,-7.1240,-185.0353,2000,1.0000,0.5015,
1175,19.7818,-7.2306,-185.0271,1999,1.0000,0.5009,
1176,19.7987,-7.3275,-185.0226,1998,0.9990,0.5002,
1177,19.8155,-7.3957,-184.9877,2000,1.0000,0.5012,
1178,19.8323,-7.4463,-184.9465,2000,1.0000,0.5011,
1179,19.8492,-7.4535,-184.9230,1999,1.0000,0.5019,
1180,19.8660,-7.4274,-184.8814,1997,0.9995,0.5023,
1181,19.8829,-7.3428,-184.8332,1999,0.9995,0.5020,
1182,19.8997,-7.2461,-184.7853,1994,0.9990,0.5020,
1183,19.9165,-7.1162,-184.7387,1996,0.9985,0.5003,
1184,19.9334,-7.0164,-184.6917,1994,0.9985,0.5022,
1185,19.9502,-6.9651,-184.6458,1998,0.9990,0.5025,
1186,19.9670,-6.9659,-184.5981,1998,1.0000,0.5013,
1187,19.9839,-7.0625,-184.5078,1998,0.9995,0.5032,
1188,20.0007,-7.1575,-184.4491,1999,1.0000,0.5029,
1189,20.0175,-7.3023,-184.4012,1996,0.9985,0.5012,
1190,20.0344,-7.3991,-184.3791,1993,0.9970,0.5013,
1191,20.0512,-7.5896,-184.3774,1994,1.0000,0.5018,
1192,20.0680,-7.7590,-184.3631,1998,1.0000,0.5040,
1193,20.0849,-7.9031,-184.3159,1998,1.0000,0.5035,
1194,20.1017,-8.0189,-184.2696,1998,0.9995,0.5044,
1195,20.1186,-8.1060,-184.2226,1998,0.9995,0.5037,
1196,20.1354,-8.1506,-184.1781,1998,1.0000,0.5043,
1197,20.1522,-8.1733,-184.1336,1994,0.9990,0.5033,
1198,20.1691,-8.1276,-184.0860,1999,1.0000,0.5042,
1199,20.1859,-8.0808,-184.0403,2000,1.0000,0.5055,
1200,20.2027,-7.9931,-183.9929,1978,0.9945,0.5061,
1201,20.2196,-7.9430,-183.9690,1992,0.9995,0.5075,
1202,20.2364,-7.7938,-183.7753,1998,0.9910,0.5069,
1203,20.2532,-7.6457,-183.7775,1999,0.9925,0.5067,
1204,20.2701,-7.5498,-183.7278,1993,0.9975,0.5073,
1205,20.2869,-7.5497,-183.7278,1992,1.0000,0.5067,
