frame,t_s,ref_X_mm,ref_Y_mm,ref_corners,ref_rms_px,mm_per_px,top_corners,top_rms_px,xcheck_mm
0,0.0000,-0.0553,0.0735,165,0.4894,0.193644,141,0.6053,0.0839
1,0.0168,-0.0583,0.0746,165,0.4892,0.193646,138,0.6218,0.2089
2,0.0337,-0.0439,0.0620,165,0.4878,0.193634,138,0.6219,0.1911
3,0.0505,0.0937,0.0212,167,0.5098,0.193606,138,0.6220,0.0574
4,0.0673,0.0788,-0.0046,167,0.5112,0.193505,133,0.6082,0.0250
5,0.0842,0.0252,-0.0252,163,0.4820,0.193427,141,0.6002,0.0644
6,0.1010,0.1999,-0.0395,170,0.5486,0.193513,140,0.6152,0.0395
7,0.1178,-0.0744,-0.0004,163,0.4804,0.193474,136,0.6077,0.4000
8,0.1347,0.0793,-0.0304,166,0.5079,0.193462,112,0.5588,0.1560
9,0.1515,-0.0613,0.0156,162,0.4652,0.193521,137,0.6164,0.2430
10,0.1684,0.0238,0.0267,166,0.4948,0.193560,143,0.6180,0.0477
11,0.1852,0.2481,-0.0287,170,0.5518,0.193414,139,0.5973,0.2960
12,0.2020,-0.0064,0.0263,165,0.4799,0.193565,139,0.5971,0.0356
13,0.2189,-0.0073,0.0265,165,0.4796,0.193566,139,0.5971,0.0345
14,0.2357,0.0706,-0.0044,167,0.5061,0.193495,136,0.5923,0.1374
15,0.2525,0.0770,-0.0060,167,0.5052,0.193504,141,0.6193,0.1139
16,0.2694,-0.0429,0.0134,163,0.4575,0.193507,140,0.5977,0.0716
17,0.2862,-0.0854,0.0005,162,0.4554,0.193484,143,0.6110,0.1305
18,0.3030,0.0943,0.0229,168,0.5127,0.193584,143,0.6112,0.0502
19,0.3199,0.1268,-0.0073,173,0.5874,0.193621,142,0.6096,0.0353
20,0.3367,0.0465,0.0766,171,0.5688,0.193756,137,0.5947,0.1289
21,0.3535,0.0251,-0.0776,164,0.5213,0.193369,136,0.6068,0.1114
22,0.3704,0.0575,0.0240,166,0.4864,0.193576,135,0.5885,0.1488
23,0.3872,-0.0509,0.0122,163,0.4465,0.193493,136,0.5963,0.0287
24,0.4041,0.0611,0.0233,166,0.4819,0.193490,143,0.6177,0.0858
25,0.4209,0.2771,-0.0673,173,0.6023,0.193562,143,0.6031,0.1882
26,0.4377,-0.1487,0.0295,162,0.4444,0.193559,142,0.5860,0.1939
27,0.4546,0.0106,0.0592,166,0.4800,0.193660,142,0.5878,0.0159
28,0.4714,-0.0975,0.0291,164,0.4619,0.193615,136,0.5763,0.0385
29,0.4882,0.0946,0.0177,170,0.5394,0.193620,140,0.6097,0.1562
30,0.5051,-0.1497,-0.0045,159,0.4007,0.193428,142,0.5716,0.1776
31,0.5219,-0.1502,-0.0044,159,0.4009,0.193428,141,0.5870,0.1813
32,0.5387,-0.0701,0.0401,163,0.4059,0.193581,141,0.5670,0.1006
33,0.5556,-0.1170,0.0199,163,0.4157,0.193530,142,0.5850,0.1626
34,0.5724,0.2473,-0.0695,171,0.5409,0.193541,142,0.5714,0.2585
35,0.5892,0.1061,0.0304,170,0.5136,0.193629,140,0.5862,0.1896
36,0.6061,0.1487,0.0218,175,0.6300,0.193703,142,0.6196,0.1130
37,0.6229,-0.0685,0.0436,163,0.4062,0.193584,142,0.6197,0.1124
38,0.6398,-0.0127,0.0136,166,0.4490,0.193538,142,0.6192,0.0724
39,0.6566,0.1799,-0.0190,168,0.4837,0.193533,143,0.5938,0.1520
40,0.6734,0.0535,0.0265,168,0.4718,0.193595,143,0.5871,0.0170
41,0.6903,0.0107,0.0302,166,0.4486,0.193611,142,0.5906,0.0932
42,0.7071,-0.0261,0.0223,164,0.4189,0.193545,143,0.6270,0.0678
43,0.7239,0.0100,0.0462,166,0.4476,0.193654,134,0.5946,0.0183
44,0.7408,0.0532,0.0259,168,0.4706,0.193598,143,0.6271,0.0244
45,0.7576,-0.0595,-0.0006,164,0.4314,0.193509,136,0.5738,0.0453
46,0.7744,0.1735,-0.0172,166,0.4598,0.193480,141,0.5678,0.0930
47,0.7913,0.2867,-0.0992,171,0.5558,0.193502,142,0.5964,0.3305
48,0.8081,0.0498,0.0254,168,0.4729,0.193599,142,0.5722,0.0291
49,0.8249,0.0165,0.0397,166,0.4490,0.193615,142,0.5997,0.1375
50,0.8418,0.0849,-0.0157,174,0.6114,0.193687,142,0.5730,0.0478
51,0.8586,-0.0212,-0.0308,165,0.4665,0.193485,134,0.5768,0.1783
52,0.8755,0.0890,0.0106,174,0.6084,0.193725,140,0.5845,0.1153
53,0.8923,0.1542,-0.0286,170,0.5193,0.193605,132,0.6246,0.1801
54,0.9091,-0.1261,0.0137,163,0.4218,0.193525,142,0.5780,0.2360
55,0.9260,-0.0012,0.0335,163,0.4153,0.193499,142,0.5903,0.1560
56,0.9428,0.0240,0.0393,166,0.4482,0.193605,141,0.5871,0.1006
57,0.9596,0.0442,0.0205,172,0.5742,0.193736,142,0.6245,0.0866
58,0.9765,0.0693,-0.0220,175,0.6395,0.193721,139,0.5877,0.0770
59,0.9933,0.1574,-0.0065,172,0.5752,0.193657,143,0.6151,0.2273
60,1.0101,0.2521,-0.1515,178,0.6781,0.193568,143,0.5840,0.2984
61,1.0270,0.0702,-0.0034,170,0.5042,0.193611,143,0.5872,0.1329
62,1.0438,-0.2331,0.0170,160,0.4375,0.193504,140,0.5666,0.1549
63,1.0606,0.1462,-0.0728,174,0.6161,0.193577,142,0.5637,0.1933
64,1.0775,0.1463,-0.0729,174,0.6162,0.193577,142,0.5637,0.1935
65,1.0943,0.1653,-0.0766,171,0.5424,0.193582,139,0.5844,0.2751
66,1.1112,-0.0307,-0.0577,165,0.4613,0.193511,141,0.5592,0.0866
67,1.1280,-0.0156,0.0322,167,0.4622,0.193655,129,0.5601,0.0479
68,1.1448,-0.0552,-0.0004,163,0.4074,0.193556,132,0.5799,0.1109
69,1.1617,-0.0739,-0.0053,164,0.4280,0.193541,141,0.5856,0.2418
70,1.1785,-0.0511,0.0037,164,0.4214,0.193570,142,0.5686,0.0596
71,1.1953,-0.0306,0.0054,164,0.4211,0.193579,142,0.5690,0.0399
72,1.2122,-0.0654,0.0113,164,0.4210,0.193580,132,0.5645,0.0509
73,1.2290,-0.0648,0.0115,164,0.4213,0.193580,142,0.5668,0.0534
74,1.2458,0.0334,0.0080,169,0.4862,0.193616,142,0.5630,0.0309
75,1.2627,-0.2204,-0.0081,159,0.3871,0.193537,138,0.5571,0.1863
76,1.2795,0.1689,-0.0879,176,0.6599,0.193590,128,0.5697,0.2486
77,1.2963,-0.0607,0.0116,163,0.4066,0.193577,140,0.5613,0.0358
78,1.3132,-0.0693,-0.0082,163,0.4067,0.193589,140,0.5592,0.0399
79,1.3300,-0.0622,0.0009,163,0.4123,0.193535,141,0.5889,0.2556
80,1.3468,0.3241,-0.1646,172,0.6049,0.193518,132,0.5746,0.2528
81,1.3637,0.1777,-0.0592,170,0.5182,0.193581,142,0.5632,0.1911
82,1.3805,0.0857,-0.0194,172,0.5556,0.193662,136,0.5796,0.1565
83,1.3974,0.0855,-0.0194,172,0.5559,0.193662,139,0.5633,0.1245
84,1.4142,0.0853,-0.0193,172,0.5560,0.193662,141,0.5594,0.0723
85,1.4310,-0.0079,0.0339,164,0.4322,0.193635,141,0.5686,0.0737
86,1.4479,0.0389,0.0106,169,0.4891,0.193635,143,0.6004,0.1058
87,1.4647,-0.0671,0.0113,164,0.4234,0.193581,138,0.5962,0.0454
88,1.4815,-0.1500,-0.0184,162,0.4217,0.193505,138,0.5963,0.0432
89,1.4984,0.0824,-0.0059,169,0.4926,0.193619,138,0.5962,0.1937
90,1.5152,-0.0500,0.0010,164,0.4212,0.193546,142,0.5701,0.0404
91,1.5320,0.1083,-0.0135,176,0.6220,0.193692,141,0.5818,0.1283
92,1.5489,0.1082,-0.0136,176,0.6220,0.193692,141,0.5812,0.1278
93,1.5657,0.0662,-0.0591,166,0.5027,0.193465,140,0.5787,0.0484
94,1.5825,0.0105,-0.0113,164,0.4230,0.193549,140,0.5788,0.0796
95,1.5994,0.0503,0.0096,169,0.4873,0.193613,142,0.5752,0.1628
96,1.6162,0.1343,-0.0434,171,0.5330,0.193527,139,0.5849,0.2426
97,1.6331,0.0973,0.0064,176,0.6289,0.193716,142,0.5849,0.0603
98,1.6499,0.0790,-0.0055,168,0.4751,0.193602,140,0.5790,0.0975
99,1.6667,0.0287,0.0154,168,0.4729,0.193616,140,0.5656,0.0652
100,1.6836,0.0384,0.0092,168,0.4726,0.193607,141,0.5620,0.0498
101,1.7004,0.0055,0.0302,167,0.4606,0.193642,141,0.5620,0.0891
102,1.7172,0.0035,0.0305,167,0.4607,0.193644,141,0.5822,0.1733
103,1.7341,0.0709,-0.0165,170,0.5135,0.193649,141,0.5827,0.0926
104,1.7509,-0.0463,-0.0002,164,0.4208,0.193538,131,0.5659,0.0793
105,1.7677,-0.0362,0.0149,164,0.4176,0.193576,142,0.5815,0.0329
106,1.7846,-0.0369,0.0148,164,0.4177,0.193577,142,0.5816,0.0321
107,1.8014,-0.0947,-0.0005,162,0.3973,0.193527,142,0.5815,0.0283
108,1.8182,0.0141,0.0060,165,0.4343,0.193554,141,0.5705,0.1167
109,1.8351,0.0506,0.0095,169,0.4871,0.193613,142,0.5823,0.1016
110,1.8519,0.1358,-0.0378,172,0.5529,0.193624,141,0.5952,0.1757
111,1.8688,0.1348,-0.0376,172,0.5521,0.193624,141,0.5730,0.0295
112,1.8856,-0.0349,0.0465,166,0.4523,0.193663,141,0.5902,0.0702
113,1.9024,0.0940,-0.0207,172,0.5452,0.193634,141,0.5901,0.1714
114,1.9193,0.0978,0.0246,169,0.5038,0.193634,142,0.6155,0.1483
115,1.9361,0.0562,0.0018,169,0.4872,0.193610,139,0.5885,0.1593
116,1.9529,0.0559,0.0018,169,0.4871,0.193610,139,0.5879,0.1590
117,1.9698,-0.1235,-0.0346,163,0.4450,0.193488,140,0.5621,0.0924
118,1.9866,0.1137,0.0054,172,0.5679,0.193674,140,0.5621,0.1772
119,2.0034,0.0226,0.0153,168,0.4709,0.193623,143,0.6075,0.0851
120,2.0203,-0.2449,0.0042,163,0.4244,0.193724,140,0.5596,0.1900
121,2.0371,-0.1168,0.0233,163,0.4095,0.193591,139,0.5810,0.0030
122,2.0539,-0.0955,-0.0124,164,0.4362,0.193537,142,0.5734,0.0644
123,2.0708,-0.0681,-0.0075,163,0.4144,0.193544,142,0.5594,0.0597
124,2.0876,0.0197,-0.0046,168,0.4916,0.193618,141,0.5725,0.0754
125,2.1045,-0.0765,-0.0182,164,0.4377,0.193542,135,0.5841,0.0952
126,2.1213,-0.0707,0.0029,164,0.4258,0.193570,135,0.5844,0.0744
127,2.1381,-0.0704,0.0024,163,0.4103,0.193569,137,0.5626,0.0553
128,2.1550,-0.0705,0.0024,163,0.4103,0.193569,140,0.5502,0.0240
129,2.1718,-0.0709,0.0026,163,0.4103,0.193569,140,0.5501,0.0243
130,2.1886,-0.0611,-0.0191,164,0.4330,0.193526,141,0.5594,0.0506
131,2.2055,0.0504,-0.0175,173,0.5881,0.193688,141,0.5599,0.1203
132,2.2223,0.2368,-0.0761,173,0.6131,0.193624,141,0.5598,0.3155
133,2.2391,-0.0139,0.0285,167,0.4792,0.193709,140,0.5754,0.0967
134,2.2560,-0.0133,0.0284,167,0.4792,0.193709,140,0.5570,0.0533
135,2.2728,-0.0308,0.0304,166,0.4577,0.193629,141,0.5673,0.0476
136,2.2896,-0.0310,0.0303,166,0.4572,0.193629,142,0.5683,0.0125
137,2.3065,-0.0468,0.0194,164,0.4231,0.193592,143,0.5913,0.1343
138,2.3233,-0.0469,0.0193,164,0.4231,0.193592,143,0.5914,0.1344
139,2.3401,0.0998,-0.0731,175,0.6334,0.193587,143,0.5939,0.3085
140,2.3570,0.0075,0.0103,167,0.4708,0.193618,140,0.5744,0.1202
141,2.3738,0.0073,0.0102,167,0.4706,0.193618,140,0.5746,0.1202
142,2.3907,0.0046,0.0196,167,0.4753,0.193673,140,0.5747,0.1163
143,2.4075,0.0045,0.0196,167,0.4752,0.193673,140,0.5755,0.1160
144,2.4243,0.0052,0.0193,167,0.4752,0.193673,140,0.5762,0.0224
145,2.4412,0.0051,0.0194,167,0.4750,0.193673,140,0.5764,0.0221
146,2.4580,0.0056,0.0192,167,0.4750,0.193672,140,0.5763,0.0227
147,2.4748,0.0056,0.0191,167,0.4748,0.193672,135,0.5704,0.0310
148,2.4917,0.0060,0.0190,167,0.4748,0.193672,140,0.5753,0.1174
149,2.5085,0.0117,0.0195,167,0.4705,0.193628,141,0.5651,0.0458
150,2.5253,-0.1683,-0.0116,161,0.4121,0.193498,141,0.5902,0.2025
151,2.5422,-0.1680,-0.0117,162,0.4273,0.193497,126,0.5689,0.1388
152,2.5590,-0.0470,0.0459,164,0.4271,0.193624,137,0.5801,0.0510
153,2.5758,-0.0084,0.0572,167,0.4716,0.193652,141,0.5704,0.0789
154,2.5927,0.1518,-0.0702,176,0.6410,0.193562,139,0.5825,0.2571
155,2.6095,-0.0935,0.0250,163,0.4074,0.193583,139,0.5683,0.0401
156,2.6264,0.0730,-0.0230,170,0.5080,0.193597,139,0.5684,0.1348
157,2.6432,0.0733,-0.0229,170,0.5087,0.193596,142,0.5678,0.0717
158,2.6600,0.0733,-0.0229,170,0.5087,0.193596,142,0.5818,0.1481
159,2.6769,0.0828,-0.0261,170,0.5079,0.193586,142,0.5818,0.1582
160,2.6937,0.0382,0.0008,169,0.4930,0.193597,142,0.5818,0.1066
161,2.7105,0.0430,0.0011,167,0.4768,0.193639,141,0.5743,0.0670
162,2.7274,0.0309,0.0023,169,0.4936,0.193609,141,0.5742,0.0761
163,2.7442,0.0311,0.0023,169,0.4938,0.193609,141,0.5742,0.0759
164,2.7610,0.0308,0.0023,169,0.4938,0.193609,141,0.5742,0.0761
165,2.7779,0.0367,0.0014,169,0.4939,0.193599,132,0.5612,0.0088
166,2.7947,0.0367,0.0016,169,0.4938,0.193599,132,0.5612,0.0089
167,2.8115,0.0365,0.0016,169,0.4938,0.193599,131,0.5834,0.0160
168,2.8284,0.0403,0.0024,167,0.4775,0.193641,131,0.5834,0.0137
169,2.8452,0.0406,0.0025,167,0.4775,0.193641,131,0.5834,0.0133
170,2.8621,-0.1076,-0.0018,163,0.4104,0.193582,136,0.5975,0.0510
171,2.8789,0.0449,-0.0168,174,0.6050,0.193714,143,0.5896,0.1076
172,2.8957,0.0446,-0.0167,174,0.6050,0.193714,143,0.5893,0.1074
173,2.9126,0.0416,-0.0149,175,0.6156,0.193719,143,0.5893,0.1043
174,2.9294,0.0416,-0.0151,175,0.6155,0.193719,143,0.5893,0.1044
175,2.9462,0.0451,-0.0168,174,0.6044,0.193714,131,0.5486,0.1278
176,2.9631,0.0451,-0.0170,174,0.6043,0.193714,131,0.5487,0.1276
177,2.9799,-0.1327,0.0205,163,0.4118,0.193563,142,0.5738,0.1252
178,2.9967,0.0058,0.0187,168,0.4799,0.193629,142,0.5739,0.0296
179,3.0136,0.0269,-0.0048,171,0.5341,0.193657,142,0.5731,0.0373
180,3.0304,0.0119,0.0239,168,0.4788,0.193597,142,0.5510,0.0305
181,3.0472,0.0119,0.0239,168,0.4788,0.193597,136,0.5495,0.0605
182,3.0641,0.0120,0.0236,168,0.4791,0.193596,142,0.5498,0.0248
183,3.0809,-0.0134,0.0353,167,0.4697,0.193617,141,0.5651,0.1095
184,3.0978,0.0213,0.0164,169,0.4914,0.193609,142,0.5507,0.0542
185,3.1146,-0.1130,0.0391,163,0.4127,0.193609,133,0.5543,0.0602
186,3.1314,-0.1131,0.0391,163,0.4127,0.193609,140,0.5481,0.1424
187,3.1483,-0.1130,0.0389,163,0.4126,0.193609,140,0.5481,0.1422
188,3.1651,-0.0431,-0.0026,165,0.4415,0.193526,142,0.5521,0.0441
189,3.1819,0.2701,-0.0983,174,0.6429,0.193636,138,0.5520,0.3654
190,3.1988,0.2699,-0.0948,174,0.6396,0.193629,142,0.5514,0.3253
191,3.2156,-0.1438,0.0219,163,0.4159,0.193557,142,0.5530,0.0876
192,3.2324,-0.0607,0.0067,164,0.4254,0.193535,142,0.5577,0.0685
193,3.2493,0.0412,0.0152,169,0.4911,0.193602,142,0.5576,0.0352
194,3.2661,0.0413,0.0152,169,0.4910,0.193602,142,0.5578,0.0352
195,3.2829,0.0287,0.0139,168,0.4779,0.193597,142,0.5585,0.0229
196,3.2998,0.0287,0.0139,168,0.4780,0.193597,142,0.5939,0.0164
197,3.3166,0.0408,0.0151,169,0.4912,0.193602,142,0.5938,0.0270
198,3.3335,0.0389,0.0146,169,0.4909,0.193604,142,0.5938,0.0254
199,3.3503,0.0414,0.0149,169,0.4910,0.193601,136,0.5627,0.0824
200,3.3671,0.0426,0.0145,169,0.4914,0.193600,142,0.5517,0.0747
201,3.3840,0.0427,0.0146,169,0.4914,0.193600,142,0.5518,0.0747
202,3.4008,0.0428,0.0145,169,0.4914,0.193600,140,0.5628,0.1132
203,3.4176,0.0426,0.0145,169,0.4910,0.193600,140,0.5626,0.1130
204,3.4345,-0.0257,0.0341,167,0.4684,0.193634,140,0.5625,0.0517
205,3.4513,-0.0617,0.0360,164,0.4273,0.193619,140,0.5624,0.0293
206,3.4681,0.0593,-0.0044,169,0.4914,0.193585,140,0.5625,0.1299
207,3.4850,-0.0266,0.0347,167,0.4688,0.193635,140,0.5625,0.0511
208,3.5018,0.0594,-0.0043,169,0.4914,0.193585,140,0.5625,0.1300
209,3.5186,0.0801,-0.0322,173,0.5967,0.193650,141,0.5664,0.1007
210,3.5355,0.0677,-0.0230,174,0.5968,0.193676,143,0.5855,0.2060
211,3.5523,0.0299,0.0303,169,0.5230,0.193739,142,0.5640,0.0162
212,3.5691,0.0299,0.0302,169,0.5230,0.193739,130,0.5728,0.1242
213,3.5860,-0.0282,0.0293,167,0.4701,0.193650,124,0.5854,0.0595
214,3.6028,-0.0280,0.0294,167,0.4700,0.193650,143,0.5606,0.0152
215,3.6197,0.1009,0.0352,169,0.5000,0.193536,138,0.5921,0.2415
216,3.6365,0.0339,0.0019,169,0.4939,0.193600,138,0.5920,0.1741
217,3.6533,-0.0608,-0.0001,163,0.4168,0.193568,138,0.5918,0.0804
218,3.6702,-0.1312,-0.0090,163,0.4263,0.193527,138,0.5914,0.0249
219,3.6870,-0.1310,-0.0091,163,0.4262,0.193527,140,0.5694,0.0594
220,3.7038,0.0460,-0.0065,169,0.4943,0.193592,140,0.5695,0.1650
221,3.7207,-0.0629,0.0073,163,0.4120,0.193560,140,0.5695,0.0614
222,3.7375,-0.0628,0.0072,163,0.4120,0.193560,140,0.5695,0.0616
223,3.7543,-0.0630,0.0073,163,0.4119,0.193560,141,0.5969,0.0539
224,3.7712,-0.0629,0.0072,163,0.4119,0.193560,141,0.5968,0.0538
225,3.7880,0.0029,0.0182,167,0.4687,0.193612,138,0.5920,0.1424
226,3.8048,0.0029,0.0182,167,0.4686,0.193612,138,0.5918,0.1423
227,3.8217,0.0025,0.0182,167,0.4687,0.193613,138,0.5915,0.1413
228,3.8385,-0.0652,0.0084,163,0.4118,0.193563,138,0.5917,0.0738
229,3.8554,-0.0656,0.0083,163,0.4114,0.193563,143,0.5894,0.0648
230,3.8722,0.0579,-0.0210,175,0.6264,0.193716,143,0.5897,0.1468
231,3.8890,0.0588,-0.0228,174,0.6092,0.193703,143,0.5783,0.1066
232,3.9059,0.2927,-0.1390,172,0.5851,0.193512,143,0.5783,0.3648
233,3.9227,0.2928,-0.1389,172,0.5852,0.193512,143,0.5923,0.4227
234,3.9395,-0.0648,0.0039,163,0.4119,0.193554,143,0.5923,0.0908
235,3.9564,0.1266,-0.0286,169,0.5098,0.193626,143,0.5923,0.2234
236,3.9732,0.1267,-0.0288,169,0.5099,0.193626,143,0.5924,0.2236
237,3.9900,0.0575,-0.0224,174,0.6096,0.193704,143,0.5924,0.1658
238,4.0069,0.0555,-0.0229,174,0.6085,0.193704,141,0.5859,0.0872
239,4.0237,0.0554,-0.0229,174,0.6084,0.193703,143,0.5923,0.1647
240,4.0405,0.0690,-0.0147,170,0.5139,0.193594,137,0.5627,0.1020
241,4.0574,0.0262,0.0083,168,0.4800,0.193597,137,0.5629,0.0536
242,4.0742,0.0263,0.0084,168,0.4800,0.193597,142,0.5544,0.0549
243,4.0911,0.0589,-0.0272,170,0.5143,0.193633,142,0.5553,0.0915
244,4.1079,0.0149,0.0163,168,0.4795,0.193607,142,0.5553,0.0300
245,4.1247,0.0148,0.0163,168,0.4790,0.193607,142,0.5573,0.0298
246,4.1416,0.0064,0.0302,169,0.5072,0.193669,143,0.5691,0.0305
247,4.1584,-0.0067,0.0316,167,0.4745,0.193655,143,0.5691,0.0176
248,4.1752,-0.0067,0.0316,167,0.4745,0.193655,143,0.5690,0.0176
249,4.1921,-0.1761,-0.0332,161,0.4285,0.193453,143,0.5686,0.1685
250,4.2089,0.0088,0.0175,168,0.4787,0.193616,142,0.5565,0.0238
251,4.2257,0.0090,0.0177,168,0.4788,0.193616,143,0.5791,0.1561
252,4.2426,-0.0411,-0.0073,165,0.4407,0.193548,143,0.5791,0.1353
253,4.2594,-0.1829,-0.0286,160,0.4154,0.193431,143,0.5791,0.1420
254,4.2762,-0.1827,-0.0288,160,0.4153,0.193431,143,0.5792,0.1422
255,4.2931,0.0398,0.0077,168,0.4802,0.193596,138,0.5775,0.0794
256,4.3099,0.0397,0.0078,168,0.4802,0.193596,138,0.5775,0.0793
257,4.3268,0.0402,0.0077,168,0.4805,0.193596,138,0.5776,0.0798
258,4.3436,-0.0728,0.0138,163,0.4084,0.193556,139,0.5862,0.0547
259,4.3604,-0.0728,0.0138,163,0.4083,0.193556,139,0.5863,0.0546
260,4.3773,-0.0008,0.0287,167,0.4724,0.193660,130,0.5434,0.0931
261,4.3941,-0.1505,0.0333,164,0.4271,0.193675,130,0.5529,0.0560
262,4.4109,-0.1509,0.0335,164,0.4272,0.193676,130,0.5434,0.0633
263,4.4278,0.0513,-0.0023,168,0.4811,0.193592,130,0.5505,0.1609
264,4.4446,0.0513,-0.0025,168,0.4811,0.193592,139,0.5852,0.0815
265,4.4614,-0.1512,0.0333,164,0.4269,0.193676,140,0.5773,0.2810
266,4.4783,-0.1514,0.0333,164,0.4270,0.193676,140,0.5773,0.2811
267,4.4951,-0.1643,-0.0027,162,0.4108,0.193516,139,0.5848,0.1437
268,4.5119,-0.1643,-0.0027,162,0.4108,0.193516,139,0.5848,0.1436
269,4.5288,-0.1644,-0.0026,162,0.4109,0.193516,140,0.5773,0.2898
270,4.5456,-0.0663,0.0055,164,0.4309,0.193542,142,0.6009,0.0569
271,4.5625,-0.0811,0.0139,163,0.4152,0.193552,142,0.5852,0.2381
272,4.5793,-0.0811,0.0139,163,0.4153,0.193552,135,0.5632,0.2138
273,4.5961,-0.0811,0.0139,163,0.4153,0.193552,135,0.5633,0.2139
274,4.6130,-0.0812,0.0139,163,0.4152,0.193552,141,0.5759,0.2630
275,4.6298,0.0334,0.0171,169,0.4938,0.193611,143,0.5843,0.0336
276,4.6466,0.0333,0.0172,169,0.4938,0.193611,140,0.5983,0.2701
277,4.6635,0.0331,0.0173,169,0.4938,0.193611,140,0.5982,0.2704
278,4.6803,0.0333,0.0174,169,0.4937,0.193611,140,0.5557,0.0722
279,4.6971,0.0332,0.0174,169,0.4938,0.193611,140,0.5547,0.0726
280,4.7140,-0.0826,0.0144,163,0.4149,0.193553,140,0.5549,0.0436
281,4.7308,-0.0826,0.0144,163,0.4149,0.193553,143,0.5789,0.0923
282,4.7476,-0.0826,0.0143,163,0.4149,0.193553,140,0.5549,0.0436
283,4.7645,-0.0830,0.0143,163,0.4150,0.193554,140,0.5548,0.0440
284,4.7813,-0.0832,0.0144,163,0.4149,0.193554,140,0.5546,0.0443
285,4.7981,-0.0826,0.0143,163,0.4151,0.193553,140,0.5640,0.0369
286,4.8150,-0.0824,0.0143,163,0.4151,0.193553,140,0.5640,0.0370
287,4.8318,-0.0826,0.0144,163,0.4151,0.193553,143,0.5796,0.0823
288,4.8487,-0.0821,0.0142,163,0.4151,0.193552,143,0.5795,0.0819
289,4.8655,-0.0824,0.0141,163,0.4151,0.193553,143,0.5793,0.0822
290,4.8823,-0.0787,0.0174,163,0.4149,0.193566,140,0.5505,0.0307
291,4.8992,0.0544,0.0078,168,0.4818,0.193603,140,0.5505,0.1037
292,4.9160,0.0590,-0.0033,170,0.5148,0.193600,140,0.5505,0.1091
293,4.9328,0.0589,-0.0033,170,0.5150,0.193600,140,0.5505,0.1090
294,4.9497,-0.0703,0.0113,165,0.4455,0.193564,140,0.5505,0.0214
295,4.9665,-0.0700,0.0108,165,0.4456,0.193564,140,0.5504,0.0209
296,4.9833,0.0041,0.0180,167,0.4676,0.193592,140,0.5503,0.0539
297,5.0002,0.0039,0.0181,167,0.4677,0.193592,140,0.5503,0.0540
298,5.0170,0.0045,0.0177,167,0.4677,0.193592,140,0.5503,0.0545
299,5.0338,0.0041,0.0179,167,0.4676,0.193592,140,0.5503,0.0542
300,5.0507,-0.0800,0.0073,164,0.4254,0.193556,142,0.5600,0.0069
301,5.0675,-0.0804,0.0072,164,0.4254,0.193557,142,0.5599,0.0073
302,5.0844,-0.0803,0.0070,164,0.4254,0.193557,143,0.5676,0.0797
303,5.1012,-0.0271,0.0395,167,0.4661,0.193642,141,0.5474,0.0373
304,5.1180,-0.1092,0.0200,163,0.4161,0.193585,141,0.5474,0.0788
305,5.1349,-0.0787,0.0169,163,0.4081,0.193567,141,0.5474,0.0488
306,5.1517,-0.0789,0.0169,163,0.4081,0.193567,141,0.5473,0.0489
307,5.1685,-0.0790,0.0171,163,0.4082,0.193567,142,0.5738,0.0563
308,5.1854,-0.0791,0.0171,163,0.4083,0.193567,142,0.5739,0.0562
309,5.2022,-0.0791,0.0171,163,0.4083,0.193568,142,0.5739,0.0563
310,5.2190,0.0057,0.0324,167,0.4715,0.193667,140,0.5779,0.1151
311,5.2359,0.0054,0.0325,167,0.4716,0.193668,144,0.6033,0.1042
312,5.2527,0.0048,0.0327,167,0.4716,0.193669,143,0.5600,0.0352
313,5.2695,0.0046,0.0326,167,0.4716,0.193669,143,0.5595,0.0472
314,5.2864,0.1061,-0.0330,167,0.4737,0.193499,144,0.5873,0.1652
315,5.3032,0.0409,0.0032,168,0.4781,0.193597,144,0.6083,0.0941
316,5.3201,0.0409,0.0031,168,0.4781,0.193598,144,0.6083,0.0941
317,5.3369,0.0409,0.0031,168,0.4783,0.193598,141,0.5667,0.1435
318,5.3537,0.0409,0.0031,168,0.4782,0.193598,144,0.6084,0.0939
319,5.3706,0.0409,0.0032,168,0.4781,0.193597,141,0.5667,0.1434
320,5.3874,-0.0869,0.0190,163,0.4085,0.193572,143,0.5573,0.0695
321,5.4042,-0.0870,0.0189,163,0.4085,0.193572,143,0.5572,0.0695
322,5.4211,-0.0870,0.0189,163,0.4084,0.193572,143,0.5572,0.0696
323,5.4379,-0.0870,0.0189,163,0.4083,0.193572,143,0.5574,0.0696
324,5.4547,-0.0871,0.0188,163,0.4082,0.193572,143,0.5575,0.0699
325,5.4716,-0.0871,0.0190,163,0.4085,0.193573,135,0.5901,0.0266
326,5.4884,0.0870,-0.0156,167,0.5051,0.193416,140,0.5722,0.1345
327,5.5052,0.0843,-0.0544,168,0.5003,0.193523,140,0.5719,0.1423
328,5.5221,0.0844,-0.0544,168,0.5003,0.193523,140,0.5718,0.1426
329,5.5389,-0.1022,0.0221,163,0.4090,0.193572,140,0.5759,0.0624
330,5.5558,-0.0244,-0.0052,164,0.4330,0.193454,141,0.6074,0.0958
331,5.5726,-0.0248,-0.0052,164,0.4331,0.193454,136,0.5880,0.0460
332,5.5894,0.0064,0.0126,167,0.4726,0.193606,140,0.5592,0.0240
333,5.6063,-0.2394,0.0327,162,0.4141,0.193611,140,0.5592,0.2227
334,5.6231,-0.2390,0.0325,162,0.4140,0.193610,140,0.5592,0.2223
335,5.6399,0.1182,-0.0230,166,0.5079,0.193359,134,0.5694,0.1732
336,5.6568,0.1180,-0.0230,166,0.5079,0.193360,134,0.5694,0.1730
337,5.6736,0.1183,-0.0230,166,0.5079,0.193359,134,0.5693,0.1731
338,5.6904,0.1184,-0.0230,166,0.5079,0.193359,134,0.5693,0.1733
339,5.7073,-0.1777,-0.0155,162,0.4299,0.193474,134,0.5693,0.1421
340,5.7241,0.0403,0.0028,171,0.5422,0.193655,135,0.5621,0.1807
341,5.7409,0.0402,0.0028,171,0.5423,0.193655,134,0.5692,0.0910
342,5.7578,-0.1616,-0.0149,162,0.4192,0.193510,142,0.6027,0.1370
343,5.7746,-0.1385,-0.0260,163,0.4356,0.193497,136,0.5831,0.0836
344,5.7914,-0.1384,-0.0261,163,0.4354,0.193497,139,0.5652,0.0856
345,5.8083,0.2848,-0.1445,174,0.6409,0.193570,139,0.5651,0.3547
346,5.8251,0.0475,-0.0105,169,0.5081,0.193663,141,0.5567,0.0405
347,5.8420,-0.1216,-0.0202,163,0.4292,0.193513,141,0.5566,0.1391
348,5.8588,-0.1216,-0.0201,163,0.4291,0.193513,141,0.5544,0.1387
349,5.8756,0.0478,-0.0104,169,0.5080,0.193663,140,0.5779,0.1825
350,5.8925,-0.0455,-0.0232,165,0.4497,0.193512,142,0.5752,0.1176
351,5.9093,-0.0456,-0.0230,165,0.4498,0.193512,140,0.6435,0.3832
352,5.9261,0.0154,0.0098,168,0.4819,0.193603,142,0.5750,0.1328
353,5.9430,0.0151,0.0100,168,0.4819,0.193603,135,0.6043,0.0650
354,5.9598,-0.0459,-0.0230,165,0.4496,0.193512,140,0.5674,0.1050
355,5.9766,-0.0828,0.0116,163,0.4089,0.193558,140,0.5660,0.1396
356,5.9935,-0.0829,0.0116,163,0.4089,0.193559,140,0.5660,0.1396
357,6.0103,0.0638,-0.0089,168,0.4881,0.193620,142,0.5671,0.1152
358,6.0271,0.0638,-0.0090,168,0.4880,0.193620,140,0.5585,0.1605
359,6.0440,0.0638,-0.0090,168,0.4879,0.193620,142,0.5674,0.1154
360,6.0608,0.0223,0.0179,169,0.4907,0.193629,140,0.5599,0.0796
361,6.0777,-0.2021,0.0148,163,0.4240,0.193635,140,0.5438,0.1886
362,6.0945,-0.1197,0.0209,163,0.4168,0.193584,139,0.5581,0.1390
363,6.1113,0.0184,0.0101,176,0.6503,0.193802,140,0.5504,0.0529
364,6.1282,0.0005,0.0164,168,0.4777,0.193611,140,0.5504,0.0377
365,6.1450,0.0005,0.0167,168,0.4776,0.193611,140,0.5508,0.0378
366,6.1618,0.0005,0.0167,168,0.4776,0.193611,140,0.5508,0.0379
367,6.1787,0.0006,0.0166,168,0.4776,0.193611,141,0.5630,0.0927
368,6.1955,0.0006,0.0165,168,0.4778,0.193611,137,0.5853,0.0634
369,6.2123,-0.0045,0.0169,168,0.4775,0.193617,138,0.5928,0.1358
370,6.2292,-0.0047,0.0170,168,0.4774,0.193618,138,0.5946,0.1351
371,6.2460,0.0480,-0.0007,169,0.4901,0.193577,138,0.5945,0.1760
372,6.2628,0.0482,-0.0007,169,0.4901,0.193577,135,0.5851,0.1580
373,6.2797,0.0484,-0.0008,169,0.4900,0.193577,129,0.5623,0.1273
374,6.2965,0.0482,-0.0008,169,0.4900,0.193577,129,0.5623,0.1272
375,6.3134,-0.1878,0.0027,162,0.4241,0.193535,142,0.5714,0.1961
376,6.3302,-0.1879,0.0028,162,0.4241,0.193536,142,0.5714,0.1962
377,6.3470,-0.1878,0.0028,162,0.4242,0.193535,142,0.5713,0.1964
378,6.3639,-0.1359,0.0493,164,0.4342,0.193637,142,0.5713,0.1460
379,6.3807,-0.1625,0.0227,164,0.4357,0.193661,142,0.5712,0.1701
380,6.3975,0.2217,-0.0845,169,0.5121,0.193511,142,0.5712,0.2395
381,6.4144,0.2216,-0.0845,169,0.5121,0.193511,142,0.5711,0.2394
382,6.4312,0.2217,-0.0845,169,0.5123,0.193511,142,0.5711,0.2396
383,6.4480,0.2220,-0.0846,169,0.5127,0.193511,142,0.5711,0.2398
384,6.4649,0.0750,-0.0225,169,0.4947,0.193564,142,0.5711,0.0813
385,6.4817,0.0750,-0.0225,169,0.4946,0.193564,137,0.5574,0.2275
386,6.4985,0.0750,-0.0225,169,0.4947,0.193564,137,0.5574,0.2276
387,6.5154,0.0753,-0.0225,169,0.4946,0.193564,137,0.5543,0.2094
388,6.5322,0.0749,-0.0223,169,0.4945,0.193564,141,0.5578,0.1194
389,6.5491,0.0750,-0.0224,169,0.4945,0.193564,140,0.5473,0.1091
390,6.5659,-0.1161,-0.0170,163,0.4323,0.193488,140,0.5451,0.0710
391,6.5827,-0.1287,-0.0160,164,0.4488,0.193500,140,0.5663,0.1036
392,6.5996,-0.1358,-0.0082,163,0.4321,0.193501,142,0.5745,0.1551
393,6.6164,-0.0850,0.0236,163,0.4160,0.193569,142,0.5570,0.0992
394,6.6332,-0.0845,0.0235,163,0.4159,0.193568,142,0.5568,0.0987
395,6.6501,-0.1363,-0.0080,163,0.4321,0.193501,140,0.5478,0.0855
396,6.6669,-0.1362,-0.0080,163,0.4321,0.193501,140,0.5477,0.0855
397,6.6837,0.0805,0.0003,175,0.6335,0.193719,140,0.5478,0.1658
398,6.7006,0.0804,0.0002,175,0.6335,0.193719,140,0.5649,0.1575
399,6.7174,-0.0121,0.0098,166,0.4585,0.193567,137,0.5748,0.0499
400,6.7342,-0.0949,0.0280,163,0.4180,0.193578,141,0.5838,0.0599
401,6.7511,-0.0949,0.0280,163,0.4179,0.193578,141,0.5837,0.0599
402,6.7679,-0.0949,0.0280,163,0.4180,0.193578,141,0.5838,0.0599
403,6.7848,0.0312,0.0122,169,0.4962,0.193620,134,0.5847,0.0847
404,6.8016,0.0304,0.0129,169,0.4959,0.193621,134,0.5848,0.0842
405,6.8184,0.1018,-0.0638,174,0.6491,0.193632,134,0.5848,0.1583
406,6.8353,0.1024,-0.0638,174,0.6491,0.193632,132,0.5988,0.1676
407,6.8521,0.1024,-0.0637,174,0.6491,0.193632,132,0.5989,0.1678
408,6.8689,0.1017,-0.0636,174,0.6490,0.193632,132,0.5993,0.1672
409,6.8858,0.1021,-0.0639,174,0.6491,0.193632,132,0.5994,0.1677
410,6.9026,0.0547,-0.0156,174,0.5944,0.193683,140,0.5649,0.0819
411,6.9194,0.0266,0.0185,168,0.4858,0.193627,140,0.5649,0.0899
412,6.9363,-0.0348,0.0119,164,0.4315,0.193499,140,0.5649,0.0776
413,6.9531,-0.0586,0.0006,163,0.4155,0.193529,140,0.5650,0.0781
414,6.9699,-0.1013,0.0188,163,0.4149,0.193567,142,0.5968,0.3152
415,6.9868,-0.1009,0.0187,163,0.4153,0.193567,142,0.5966,0.3142
416,7.0036,-0.1115,0.0171,163,0.4166,0.193561,142,0.5966,0.3234
417,7.0204,-0.1008,0.0187,163,0.4151,0.193567,142,0.5961,0.3140
418,7.0373,-0.0274,0.0203,167,0.4735,0.193626,142,0.5962,0.2505
419,7.0541,-0.1099,0.0152,163,0.4165,0.193556,128,0.5984,0.0564
420,7.0710,0.0286,-0.0233,177,0.6773,0.193773,138,0.5922,0.2574
421,7.0878,0.0035,0.0373,169,0.4950,0.193653,143,0.6261,0.2701
422,7.1046,-0.0566,-0.0019,165,0.4439,0.193543,143,0.6262,0.3122
423,7.1215,0.0364,0.0115,169,0.4975,0.193650,143,0.6260,0.2289
424,7.1383,0.2146,-0.0312,173,0.6075,0.193596,143,0.6260,0.0617
425,7.1551,-0.1415,0.0122,163,0.4184,0.193544,143,0.5798,0.1427
426,7.1720,-0.1416,0.0123,163,0.4185,0.193544,143,0.5799,0.1424
427,7.1888,-0.1415,0.0124,163,0.4186,0.193543,143,0.5773,0.1350
428,7.2056,-0.0239,0.0291,168,0.4790,0.193621,143,0.5774,0.0162
429,7.2225,-0.0242,0.0290,168,0.4788,0.193622,143,0.5774,0.0166
430,7.2393,0.0204,0.0156,169,0.4971,0.193671,140,0.5807,0.1753
431,7.2561,-0.0739,-0.0404,161,0.4521,0.193392,140,0.5807,0.2579
432,7.2730,-0.0739,-0.0404,161,0.4521,0.193393,141,0.5960,0.0638
433,7.2898,-0.1577,0.0244,163,0.4159,0.193573,141,0.5960,0.1699
434,7.3067,-0.0344,0.0294,168,0.4802,0.193611,141,0.5960,0.1049
435,7.3235,-0.0759,0.0519,168,0.4825,0.193683,141,0.5959,0.1381
436,7.3403,0.0280,0.0045,169,0.4919,0.193609,141,0.5959,0.0918
437,7.3572,0.0280,0.0045,169,0.4919,0.193609,141,0.5959,0.0918
438,7.3740,0.0280,0.0044,169,0.4919,0.193609,141,0.5959,0.0918
439,7.3908,0.0278,0.0044,169,0.4918,0.193610,142,0.5674,0.0023
440,7.4077,0.0510,-0.0164,175,0.6267,0.193707,141,0.5716,0.0847
441,7.4245,-0.0423,-0.0099,165,0.4474,0.193542,141,0.5712,0.0510
442,7.4413,-0.0452,-0.0100,165,0.4471,0.193544,141,0.5711,0.0522
443,7.4582,-0.0058,0.0200,168,0.4795,0.193621,141,0.5710,0.0792
444,7.4750,-0.0037,0.0193,168,0.4808,0.193616,141,0.5711,0.0791
445,7.4918,0.0342,-0.0293,175,0.6381,0.193703,142,0.5604,0.0525
446,7.5087,-0.1404,-0.0103,163,0.4372,0.193481,142,0.5632,0.1517
447,7.5255,0.0062,0.0127,168,0.4779,0.193604,142,0.5923,0.1132
448,7.5424,0.0007,0.0171,168,0.4764,0.193630,141,0.5963,0.1849
449,7.5592,0.2188,-0.0937,170,0.5436,0.193557,142,0.6045,0.2522
450,7.5760,-0.0435,0.0294,166,0.4759,0.193708,142,0.5682,0.0662
451,7.5929,-0.0267,0.0665,167,0.4930,0.193714,143,0.5785,0.0488
452,7.6097,-0.1231,0.0068,162,0.4244,0.193562,140,0.5872,0.2022
453,7.6265,0.1253,-0.0325,169,0.5123,0.193600,143,0.6076,0.2170
454,7.6434,-0.0538,0.0064,165,0.4501,0.193598,143,0.6225,0.3301
455,7.6602,0.2922,-0.1054,173,0.6050,0.193586,143,0.5861,0.2875
456,7.6770,-0.2133,-0.0249,162,0.4489,0.193486,141,0.5868,0.3210
457,7.6939,-0.0883,-0.0277,173,0.5730,0.193693,131,0.5886,0.2054
458,7.7107,-0.1278,-0.0674,168,0.5514,0.193615,140,0.5672,0.0889
459,7.7275,-0.3196,0.0143,164,0.4489,0.193619,140,0.6291,0.0574
460,7.7444,-0.2436,0.0194,168,0.4933,0.193691,139,0.5851,0.0944
461,7.7612,-0.1176,0.0151,168,0.5040,0.193673,141,0.5846,0.0898
462,7.7781,0.1001,-0.0403,172,0.5599,0.193640,143,0.5883,0.1172
463,7.7949,-0.0046,-0.0195,162,0.4328,0.193559,141,0.5919,0.2507
464,7.8117,0.0494,0.0025,163,0.4455,0.193602,134,0.5831,0.2305
465,7.8286,0.1609,0.0247,164,0.4356,0.193655,138,0.6814,0.0939
466,7.8454,0.1087,0.0087,165,0.4640,0.193645,141,0.5797,0.1262
467,7.8622,-0.1470,-0.0199,159,0.4492,0.193555,141,0.5992,0.1716
468,7.8791,0.1109,-0.0458,171,0.5797,0.193692,140,0.5779,0.1631
469,7.8959,-0.3760,-0.0228,161,0.4509,0.193590,141,0.5737,0.1329
470,7.9127,-0.2021,0.0004,172,0.6769,0.193768,145,0.6108,0.1740
471,7.9296,-0.6316,-0.0529,162,0.4582,0.193506,128,0.5509,0.1319
472,7.9464,-0.3851,-0.1421,167,0.6929,0.193601,144,0.6089,0.1542
473,7.9632,-0.7253,-0.0517,160,0.4381,0.193494,141,0.5942,0.0940
474,7.9801,-0.4444,-0.0827,167,0.5422,0.193587,138,0.5964,0.0995
475,7.9969,-0.4512,-0.0305,163,0.4644,0.193609,141,0.5750,0.0847
476,8.0137,-0.3180,-0.0397,167,0.5185,0.193616,142,0.5898,0.0271
477,8.0306,-0.4337,-0.0623,162,0.4623,0.193725,137,0.6280,0.1616
478,8.0474,-0.1643,-0.0184,163,0.4594,0.193630,134,0.5789,0.0577
479,8.0643,-0.0089,-0.0448,168,0.5237,0.193622,143,0.6115,0.1200
480,8.0811,0.0643,0.0152,167,0.4821,0.193636,143,0.5669,0.0070
481,8.0979,0.1863,-0.0210,173,0.5650,0.193721,141,0.5865,0.0908
482,8.1148,0.1505,-0.0189,165,0.4665,0.193593,143,0.6066,0.0817
483,8.1316,0.2163,-0.0201,166,0.4730,0.193509,140,0.5488,0.0790
484,8.1484,0.1409,0.0127,168,0.5318,0.193647,142,0.5737,0.0331
485,8.1653,0.0022,0.0079,167,0.4862,0.193679,140,0.5766,0.1170
486,8.1821,-0.0529,-0.0375,171,0.5701,0.193673,143,0.5648,0.1259
487,8.1989,-0.1288,-0.0839,170,0.5212,0.193562,140,0.5928,0.1807
488,8.2158,-0.3302,-0.0597,164,0.4616,0.193545,143,0.6204,0.0750
489,8.2326,-0.2009,0.0318,167,0.5146,0.193625,129,0.5687,0.1092
490,8.2494,-0.2042,-0.0140,164,0.4542,0.193632,143,0.5988,0.0692
491,8.2663,0.0413,-0.0394,170,0.5997,0.193756,140,0.5824,0.1008
492,8.2831,-0.1064,-0.0444,162,0.4742,0.193544,142,0.5928,0.1169
493,8.3000,-0.0628,0.0179,168,0.4898,0.193678,130,0.5807,0.0450
494,8.3168,-0.1960,0.0146,168,0.5046,0.193674,143,0.5976,0.0536
495,8.3336,-0.2102,-0.0360,173,0.6146,0.193712,140,0.5988,0.1227
496,8.3505,-0.3795,0.0181,163,0.4562,0.193653,137,0.5981,0.0334
497,8.3673,-0.4372,0.0151,163,0.4524,0.193656,120,0.5994,0.0868
498,8.3841,-0.4563,-0.0103,162,0.4373,0.193555,132,0.6022,0.0090
499,8.4010,-0.2231,-0.0194,168,0.4964,0.193565,137,0.5888,0.0321
500,8.4178,-0.1642,-0.0148,168,0.5097,0.193604,140,0.5954,0.1298
501,8.4346,-0.0610,-0.0328,172,0.5788,0.193716,142,0.5968,0.0767
502,8.4515,0.0583,-0.0372,177,0.6418,0.193739,135,0.6144,0.0705
503,8.4683,0.0621,-0.0271,170,0.5229,0.193679,142,0.5920,0.0672
504,8.4851,-0.0171,-0.0267,163,0.4385,0.193581,141,0.5861,0.0832
505,8.5020,0.0470,-0.0436,174,0.6232,0.193755,140,0.6066,0.1797
506,8.5188,-0.0767,0.0152,169,0.5092,0.193722,142,0.6014,0.0368
507,8.5357,-0.2356,-0.0270,162,0.4372,0.193560,138,0.5688,0.1479
508,8.5525,-0.2695,0.0207,162,0.4330,0.193637,142,0.6206,0.1950
509,8.5693,-0.1187,-0.0240,164,0.4487,0.193638,131,0.6139,0.0463
510,8.5862,0.0529,-0.0075,168,0.4877,0.193646,140,0.6148,0.1370
511,8.6030,0.1767,-0.0570,170,0.5370,0.193626,140,0.5952,0.1822
512,8.6198,-0.0095,0.0052,167,0.4771,0.193778,144,0.6452,0.3979
513,8.6367,0.1985,-0.0489,167,0.4926,0.193630,139,0.5983,0.1331
514,8.6535,0.0926,-0.0177,169,0.5101,0.193603,142,0.5871,0.0634
515,8.6703,0.0627,-0.0045,171,0.5500,0.193681,142,0.5744,0.0419
516,8.6872,-0.1582,-0.0222,163,0.4337,0.193517,142,0.5802,0.1003
517,8.7040,-0.2428,-0.0471,164,0.4514,0.193544,141,0.5587,0.0400
518,8.7208,-0.2516,-0.0280,176,0.6670,0.193816,139,0.6170,0.1041
519,8.7377,-0.3540,-0.0277,165,0.4627,0.193532,141,0.5533,0.0219
520,8.7545,-0.4224,0.0351,167,0.5276,0.193670,144,0.6168,0.2293
521,8.7714,-0.4700,-0.0467,165,0.4662,0.193600,144,0.5836,0.0966
522,8.7882,-0.2900,-0.0989,166,0.5055,0.193506,128,0.5548,0.2849
523,8.8050,-0.5298,-0.0445,162,0.4278,0.193568,142,0.5699,0.0221
524,8.8219,-0.4669,-0.0564,161,0.4309,0.193452,144,0.5893,0.0960
525,8.8387,0.3133,-0.0378,175,0.7073,0.193324,140,0.5838,0.5378
526,8.8555,-0.1299,-0.0227,162,0.4457,0.193521,138,0.5863,0.3134
527,8.8724,0.4725,-0.0795,175,0.6823,0.193520,142,0.5971,0.3485
528,8.8892,0.2290,0.0153,167,0.4944,0.193641,139,0.5743,0.1364
529,8.9060,0.1474,0.0212,166,0.4934,0.193649,130,0.5626,0.0708
530,8.9229,0.1025,0.0367,167,0.4980,0.193685,139,0.5759,0.0774
531,8.9397,0.1076,0.0123,167,0.4856,0.193627,145,0.6350,0.1122
532,8.9565,0.0414,0.0237,163,0.4504,0.193623,138,0.5724,0.0262
533,8.9734,0.0688,0.0258,165,0.4532,0.193671,141,0.5836,0.0176
534,8.9902,0.0603,0.0170,165,0.4466,0.193649,140,0.5878,0.0213
535,9.0071,0.0612,-0.0111,162,0.4506,0.193496,138,0.5811,0.0342
536,9.0239,-0.0494,0.0037,164,0.4452,0.193623,139,0.5818,0.1710
537,9.0407,0.0200,0.0298,167,0.4876,0.193679,142,0.5786,0.0516
538,9.0576,-0.0829,0.0138,165,0.4696,0.193684,139,0.6063,0.0665
539,9.0744,-0.1784,-0.0074,163,0.4436,0.193615,144,0.5847,0.1494
540,9.0912,0.1006,0.0018,169,0.4834,0.193735,145,0.5871,0.0667
541,9.1081,-0.0314,0.0021,163,0.4165,0.193637,124,0.5787,0.0718
542,9.1249,-0.0249,0.0067,165,0.4391,0.193707,144,0.6014,0.0762
543,9.1417,-0.1201,0.0257,164,0.4262,0.193720,140,0.5851,0.1788
544,9.1586,-0.1855,-0.0031,163,0.4132,0.193669,138,0.5724,0.2240
545,9.1754,-0.1678,0.0352,163,0.4150,0.193709,140,0.6119,0.3199
546,9.1922,-0.2026,0.0037,164,0.4225,0.193663,141,0.5728,0.1009
547,9.2091,-0.1086,-0.0107,174,0.5786,0.193761,131,0.5376,0.0941
548,9.2259,-0.3939,-0.0339,164,0.4501,0.193609,139,0.6552,0.1274
549,9.2427,-0.4009,-0.0159,165,0.4558,0.193661,141,0.6018,0.0886
550,9.2596,-0.4025,-0.0146,162,0.4603,0.193604,142,0.6000,0.1509
551,9.2764,-0.2702,-0.0168,162,0.4361,0.193695,143,0.5987,0.0593
552,9.2933,-0.0215,0.0487,168,0.5011,0.193806,139,0.5869,0.0686
553,9.3101,-0.1692,0.0198,163,0.4341,0.193732,140,0.5965,0.2021
554,9.3269,0.1133,-0.1095,173,0.6132,0.193744,142,0.6077,0.3006
555,9.3438,-0.4207,-0.0416,163,0.4484,0.193632,140,0.5926,0.0955
556,9.3606,-0.6723,-0.0268,162,0.4450,0.193704,140,0.5746,0.1105
557,9.3774,-0.6314,-0.0484,166,0.5130,0.193746,142,0.5901,0.0887
558,9.3943,-0.7917,-0.0216,165,0.6157,0.193961,141,0.5881,0.1814
559,9.4111,-0.9237,-0.0420,162,0.4319,0.193645,136,0.6061,0.1526
560,9.4279,-1.0273,-0.0636,159,0.4258,0.193593,138,0.6055,0.2117
561,9.4448,-0.9115,-0.0240,162,0.4112,0.193691,135,0.6104,0.1011
562,9.4616,-0.9451,-0.0325,162,0.4100,0.193677,129,0.5957,0.0199
563,9.4784,-0.8556,-0.0999,162,0.4497,0.193636,142,0.5796,0.0733
564,9.4953,-1.1604,-0.0547,161,0.4283,0.193642,139,0.5543,0.0830
565,9.5121,-1.2749,-0.0845,161,0.4244,0.193646,142,0.6069,0.2541
566,9.5290,-1.2321,-0.0897,161,0.4329,0.193666,133,0.5832,0.2724
567,9.5458,-1.1609,-0.0598,162,0.4278,0.193683,135,0.6115,0.1007
568,9.5626,-1.1430,-0.0627,161,0.4221,0.193692,141,0.6210,0.2035
569,9.5795,-1.0455,-0.0693,162,0.4183,0.193702,140,0.5771,0.2032
570,9.5963,-1.0193,-0.0024,162,0.4102,0.193789,142,0.5812,0.2403
571,9.6131,-0.8694,-0.0500,162,0.4106,0.193732,141,0.5838,0.0572
572,9.6300,-0.8859,-0.0572,162,0.4166,0.193718,140,0.5809,0.1288
573,9.6468,-0.7703,-0.0509,167,0.5144,0.193870,138,0.5850,0.1201
574,9.6636,-0.7019,-0.0629,164,0.4660,0.193804,138,0.5903,0.1864
575,9.6805,-0.5936,-0.0856,163,0.4375,0.193736,139,0.6269,0.0797
576,9.6973,-0.5501,-0.0547,163,0.4410,0.193775,137,0.5994,0.2229
577,9.7141,-0.4323,-0.1010,164,0.4679,0.193571,135,0.6055,0.0297
578,9.7310,-0.1571,-0.1081,170,0.5570,0.193686,128,0.5848,0.3197
579,9.7478,-0.2272,-0.0854,163,0.4361,0.193649,138,0.6248,0.1313
580,9.7647,-0.2639,-0.0455,163,0.4345,0.193719,143,0.6796,0.0466
581,9.7815,-0.0859,-0.0923,172,0.5803,0.193807,134,0.5861,0.0684
582,9.7983,-0.1078,-0.0892,172,0.5811,0.193849,143,0.6312,0.1112
583,9.8152,-0.2882,-0.1342,161,0.4826,0.193566,142,0.6142,0.0945
584,9.8320,-0.3797,-0.0478,163,0.4340,0.193749,137,0.6181,0.2828
585,9.8488,-0.1658,-0.0395,167,0.4828,0.193797,137,0.6040,0.0999
586,9.8657,-0.3084,-0.0474,163,0.4110,0.193691,140,0.5844,0.0932
587,9.8825,-0.3935,-0.0673,161,0.4185,0.193635,142,0.6101,0.1257
588,9.8993,-0.3858,-0.0574,164,0.4455,0.193715,137,0.5769,0.3033
589,9.9162,-0.1131,-0.0251,170,0.5529,0.193824,120,0.5390,0.1119
590,9.9330,-0.4344,-0.0091,163,0.4161,0.193811,139,0.5902,0.0728
591,9.9498,-0.4569,-0.0328,163,0.4298,0.193806,139,0.5969,0.1103
592,9.9667,-0.1936,-0.0310,173,0.5989,0.193754,142,0.6156,0.1932
593,9.9835,-0.3485,-0.0466,167,0.4999,0.193783,141,0.6660,0.3622
594,10.0004,-0.3100,-0.0388,168,0.5047,0.193781,144,0.6270,0.0857
595,10.0172,-0.5345,-0.0319,163,0.4218,0.193772,140,0.5844,0.1493
596,10.0340,-0.4017,-0.0652,166,0.5049,0.193728,138,0.5927,0.0860
597,10.0509,-0.5498,-0.0552,163,0.4145,0.193764,141,0.5903,0.1086
598,10.0677,-0.5799,-0.0933,162,0.4404,0.193626,135,0.5656,0.0675
599,10.0845,-0.4293,-0.0346,164,0.4447,0.193774,132,0.5931,0.0325
600,10.1014,-0.2298,-0.0344,168,0.4852,0.193803,138,0.5685,0.0664
601,10.1182,-0.2592,-0.0516,165,0.4654,0.193955,139,0.6271,0.0776
602,10.1350,-0.1819,-0.0158,164,0.4371,0.193813,138,0.6541,0.0792
603,10.1519,-0.1205,-0.0343,164,0.4514,0.193814,141,0.5943,0.1054
604,10.1687,0.0933,-0.0799,175,0.6564,0.193967,135,0.5770,0.0605
605,10.1855,-0.0165,-0.0346,169,0.5153,0.193860,140,0.5817,0.0417
606,10.2024,-0.1008,-0.0398,164,0.4545,0.193745,139,0.5958,0.1832
607,10.2192,0.0113,-0.0218,165,0.4605,0.193771,138,0.6023,0.1019
608,10.2361,-0.0230,-0.0065,166,0.4685,0.193778,130,0.6170,0.0594
609,10.2529,0.2475,-0.0512,174,0.6709,0.193900,137,0.6360,0.3000
610,10.2697,-0.2643,-0.0154,163,0.4511,0.193787,136,0.5747,0.2207
611,10.2866,-0.3190,-0.0455,163,0.4722,0.193748,143,0.6122,0.3446
612,10.3034,-0.2929,-0.0284,165,0.4856,0.193815,132,0.5934,0.0625
613,10.3202,-0.1897,-0.0318,168,0.5155,0.193855,143,0.5840,0.0817
614,10.3371,-0.1291,-0.0464,167,0.5006,0.193818,142,0.5732,0.0185
615,10.3539,-0.0389,-0.0479,169,0.5129,0.193809,135,0.5974,0.0320
616,10.3707,-0.0203,-0.0619,169,0.5117,0.193819,142,0.5463,0.0878
617,10.3876,-0.1916,-0.1339,163,0.5103,0.193667,141,0.5695,0.1256
618,10.4044,-0.0207,-0.1185,172,0.5870,0.193906,141,0.5860,0.0828
619,10.4212,-0.0705,-0.1050,167,0.4967,0.193816,143,0.6051,0.1047
620,10.4381,-0.2921,-0.1134,164,0.4802,0.193943,142,0.5887,0.2069
621,10.4549,-0.1323,-0.0822,165,0.4734,0.193873,141,0.5714,0.0198
622,10.4717,-0.0601,-0.0690,166,0.4761,0.193890,143,0.6215,0.0278
623,10.4886,-0.0125,-0.0854,168,0.5193,0.193878,141,0.6228,0.0586
624,10.5054,-0.1080,-0.2632,166,0.5411,0.193818,140,0.6633,0.1903
625,10.5223,-0.4972,-0.8144,163,0.4759,0.193771,141,0.6157,0.1972
626,10.5391,-0.3886,-1.0342,169,0.6050,0.193863,142,0.6415,0.1581
627,10.5559,-0.7464,-1.1142,162,0.4642,0.193825,126,0.6508,0.0603
628,10.5728,-0.9324,-1.2460,162,0.4389,0.193940,140,0.5852,0.1922
629,10.5896,-0.8339,-1.4568,167,0.5041,0.193954,139,0.6360,0.2359
630,10.6064,-0.8771,-1.5525,166,0.4608,0.193858,141,0.5903,0.0591
631,10.6233,-1.0454,-1.6858,162,0.4424,0.193770,143,0.5956,0.0865
632,10.6401,-1.1096,-1.7468,163,0.4389,0.193860,138,0.6193,0.3270
633,10.6569,-1.0306,-1.8853,163,0.4583,0.193745,116,0.5646,0.0596
634,10.6738,-0.9738,-1.9348,167,0.5146,0.193922,117,0.5860,0.0860
635,10.6906,-0.8243,-2.1884,164,0.6429,0.193833,139,0.5999,0.2234
636,10.7074,-1.0044,-2.2831,167,0.5287,0.193853,142,0.6301,0.0444
637,10.7243,-1.2394,-2.4492,162,0.4207,0.193815,134,0.6422,0.1466
638,10.7411,-1.2269,-2.5804,162,0.4434,0.193800,142,0.6074,0.1211
639,10.7580,-1.2331,-2.7049,162,0.4371,0.193794,144,0.6198,0.1410
640,10.7748,-1.0507,-2.8315,166,0.5022,0.193856,141,0.5821,0.0915
641,10.7916,-1.2992,-2.9851,162,0.4432,0.193775,140,0.5779,0.2180
642,10.8085,-1.4320,-3.1091,160,0.4386,0.193817,140,0.5770,0.2100
643,10.8253,-1.3970,-3.2770,162,0.4574,0.193903,139,0.6373,0.1184
644,10.8421,-1.5473,-3.4628,162,0.4524,0.193788,141,0.6221,0.3151
645,10.8590,-1.4915,-3.5885,162,0.4589,0.193711,140,0.6189,0.1486
646,10.8758,-1.3848,-3.6517,161,0.4308,0.193645,134,0.5894,0.1323
647,10.8926,-1.5067,-3.7913,161,0.4401,0.193741,127,0.5839,0.1321
648,10.9095,-1.4624,-3.9027,162,0.4331,0.193808,139,0.6398,0.1713
649,10.9263,-1.4108,-3.9940,162,0.4304,0.193853,135,0.6000,0.0625
650,10.9431,-1.3968,-4.1729,161,0.4376,0.193693,142,0.5959,0.0687
651,10.9600,-1.3424,-4.2026,162,0.4378,0.193793,141,0.6288,0.0843
652,10.9768,-1.2274,-4.2449,166,0.5379,0.193962,140,0.6211,0.0877
653,10.9937,-1.2492,-4.3524,162,0.4461,0.193737,140,0.6115,0.1162
654,11.0105,-1.2807,-4.4100,162,0.4506,0.193768,138,0.6287,0.1294
655,11.0273,-1.1520,-4.4749,162,0.4465,0.193771,136,0.6304,0.0636
656,11.0442,-1.2082,-4.5700,162,0.4452,0.193780,142,0.6486,0.0290
657,11.0610,-1.2031,-4.6995,162,0.4493,0.193788,141,0.6294,0.3110
658,11.0778,-1.1275,-4.7668,164,0.4741,0.193803,136,0.6143,0.0936
659,11.0947,-1.1191,-4.8897,162,0.4504,0.193752,138,0.6331,0.3672
660,11.1115,-1.0236,-5.0157,165,0.4460,0.193806,139,0.6092,0.1105
661,11.1283,-1.1239,-5.1307,162,0.4323,0.193731,139,0.5719,0.1519
662,11.1452,-1.1570,-5.2999,164,0.4498,0.193897,138,0.6129,0.0482
663,11.1620,-1.0815,-5.4278,166,0.4984,0.193866,142,0.6293,0.3022
664,11.1788,-1.2387,-5.7081,165,0.4723,0.193904,139,0.5940,0.0584
665,11.1957,-1.3260,-5.8493,162,0.4275,0.193736,139,0.5896,0.1027
666,11.2125,-1.2574,-6.0179,162,0.4022,0.193797,141,0.6097,0.0726
667,11.2294,-1.1986,-6.2046,165,0.4631,0.193865,139,0.6027,0.1169
668,11.2462,-1.2426,-6.3890,162,0.4014,0.193806,140,0.6286,0.0438
669,11.2630,-1.1087,-6.5551,166,0.4787,0.193813,136,0.5894,0.0849
670,11.2799,-1.0394,-6.7696,167,0.5053,0.193818,137,0.5763,0.1185
671,11.2967,-1.2179,-6.9897,162,0.4202,0.193777,130,0.5783,0.0289
672,11.3135,-1.1451,-7.2633,161,0.4192,0.193731,130,0.5899,0.1650
673,11.3304,-1.0784,-7.5202,162,0.4185,0.193668,132,0.6164,0.1719
674,11.3472,-0.9841,-7.7666,167,0.5136,0.193714,129,0.6754,0.4250
675,11.3640,-1.2150,-7.9984,165,0.4705,0.193821,127,0.6296,0.1631
676,11.3809,-1.1417,-8.3895,167,0.5195,0.193906,129,0.6236,0.0592
677,11.3977,-1.2923,-8.8685,162,0.4455,0.193830,126,0.6092,0.1404
678,11.4145,-1.1676,-9.3209,162,0.4478,0.193817,109,0.6060,0.0883
679,11.4314,-1.1826,-9.8663,161,0.4473,0.193753,115,0.6346,0.1914
680,11.4482,-1.1366,-10.3409,165,0.4977,0.193857,104,0.6014,0.0533
681,11.4650,-1.0205,-10.8448,172,0.5693,0.194007,120,0.6738,0.0392
682,11.4819,-0.9725,-11.4291,175,0.5660,0.193896,104,0.6021,0.1194
683,11.4987,-1.1677,-12.0292,170,0.4955,0.193791,123,0.6623,0.0349
684,11.5156,-1.1507,-12.5801,176,0.5700,0.193975,122,0.6679,0.0293
685,11.5324,-1.3419,-13.0857,170,0.5177,0.193877,114,0.6348,0.1561
686,11.5492,-1.2754,-13.7087,177,0.5925,0.193958,110,0.6334,0.4610
687,11.5661,-1.3269,-14.2571,171,0.5223,0.193847,118,0.7435,0.1091
688,11.5829,-1.2202,-14.8141,177,0.5735,0.193950,115,0.6514,0.4092
689,11.5997,-1.0705,-15.5047,178,0.6163,0.193891,119,0.6565,0.2295
690,11.6166,-1.3495,-16.1219,170,0.4749,0.193729,116,0.6161,0.0919
691,11.6334,-1.2849,-16.7277,171,0.4960,0.193735,102,0.5968,0.0518
692,11.6502,-1.1430,-17.3102,176,0.5309,0.193849,107,0.6609,0.2449
693,11.6671,-1.1202,-17.9863,175,0.5206,0.193861,106,0.6374,0.0385
694,11.6839,-1.2463,-18.6045,170,0.4732,0.193812,105,0.6086,0.1183
695,11.7007,-1.3006,-19.1182,167,0.4651,0.193742,105,0.6598,0.0792
696,11.7176,-1.3408,-19.5784,173,0.5221,0.193970,95,0.6622,0.0579
697,11.7344,-1.1755,-20.1086,178,0.5722,0.194020,101,0.6990,0.1660
698,11.7513,-1.2789,-20.6772,171,0.4698,0.193838,101,0.6607,0.1022
699,11.7681,-1.3150,-21.2105,175,0.4955,0.193901,101,0.6789,0.1036
700,11.7849,-1.0296,-21.6590,184,0.5878,0.193842,100,0.7555,0.2632
701,11.8018,-1.5176,-22.2797,178,0.5554,0.194055,79,0.6100,0.3293
702,11.8186,-1.4661,-22.7588,175,0.5098,0.193799,96,0.6926,0.4529
703,11.8354,-1.4846,-23.2659,176,0.5134,0.193834,101,0.6863,0.0997
704,11.8523,-1.4396,-23.8153,171,0.4843,0.193687,89,0.6478,0.0315
705,11.8691,-1.4282,-24.2943,178,0.4916,0.193921,97,0.6635,0.0520
706,11.8859,-1.4889,-24.9264,171,0.4685,0.193747,95,0.6823,0.3904
707,11.9028,-1.1224,-25.5606,187,0.6124,0.193880,87,0.6609,0.2441
708,11.9196,-1.3586,-26.0779,187,0.5842,0.193989,92,0.7377,0.0833
709,11.9364,-1.4153,-26.7269,178,0.5077,0.193838,83,0.6824,0.0920
710,11.9533,-1.4844,-27.4355,178,0.5391,0.193897,85,0.6570,0.1048
711,11.9701,-1.5504,-28.1915,172,0.5027,0.193782,85,0.6575,0.2335
712,11.9870,-1.4133,-28.8347,186,0.6243,0.194099,82,0.7163,0.0301
713,12.0038,-1.2881,-29.7139,182,0.6216,0.193979,80,0.6951,0.1536
714,12.0206,-1.4648,-30.5093,181,0.5845,0.194021,73,0.7656,0.6958
715,12.0375,-1.2130,-31.5406,183,0.6007,0.193926,73,0.7155,0.2180
716,12.0543,-1.1305,-32.5900,182,0.5986,0.193905,64,0.6893,0.2425
717,12.0711,-0.9316,-33.7360,191,0.7038,0.193982,70,0.7021,0.3260
718,12.0880,-1.3056,-34.7135,180,0.6160,0.194006,58,0.6320,0.3817
719,12.1048,-1.3690,-35.7968,178,0.6174,0.193962,62,0.7271,0.5045
720,12.1216,-1.2160,-36.7329,196,0.6629,0.194082,51,0.5148,0.2132
721,12.1385,-1.2226,-37.7351,192,0.6330,0.194111,60,0.6141,0.2017
722,12.1553,-1.3688,-38.6166,180,0.5663,0.193974,57,0.7135,0.3844
723,12.1721,-1.2047,-39.5284,189,0.6409,0.194071,41,0.4918,0.2168
724,12.1890,-1.5858,-40.3554,179,0.5352,0.193957,51,0.7282,0.1785
725,12.2058,-1.5010,-41.1660,189,0.6276,0.194134,49,0.6865,0.5729
726,12.2227,-1.4706,-42.0085,188,0.6227,0.194156,46,0.6798,0.3588
727,12.2395,-1.3995,-42.7653,174,0.5824,0.193540,51,0.7562,0.2698
728,12.2563,-1.5722,-43.6543,180,0.5380,0.193908,37,0.5230,0.1852
729,12.2732,-1.6008,-44.5912,180,0.5425,0.194074,41,0.7339,1.1813
730,12.2900,-1.4854,-45.5619,176,0.5647,0.193916,41,0.7728,0.1751
731,12.3068,-1.3685,-46.4077,179,0.5602,0.193932,33,0.4530,0.4757
732,12.3237,-1.3350,-47.3558,192,0.6484,0.194279,30,0.5161,0.6770
733,12.3405,-1.4238,-48.4163,194,0.6569,0.194347,29,0.5687,0.7472
734,12.3573,-1.1874,-49.5634,188,0.6610,0.194157,28,0.6603,4.2715
735,12.3742,-1.4196,-50.5745,189,0.6757,0.194250,,,
736,12.3910,-1.5571,-51.7630,173,0.5834,0.194069,,,
737,12.4078,-1.7823,-52.9456,168,0.5894,0.194007,,,
738,12.4247,-1.5112,-53.9860,190,0.7188,0.194309,,,
739,12.4415,-1.4662,-55.2380,188,0.7029,0.194200,,,
740,12.4584,-1.3353,-56.4823,188,0.7389,0.194152,,,
741,12.4752,-1.2729,-57.6543,185,0.7123,0.193982,,,
742,12.4920,-1.1196,-59.1261,183,0.7740,0.194160,,,
743,12.5089,-1.4631,-60.2860,181,0.7560,0.194425,,,
744,12.5257,-1.4790,-61.7021,164,0.6520,0.193975,,,
745,12.5425,-1.2365,-62.9309,174,0.7894,0.194221,,,
746,12.5594,-0.8362,-64.3724,161,0.7889,0.193982,,,
747,12.5762,-1.6177,-65.5252,169,0.7244,0.194227,,,
748,12.5930,-1.2515,-66.8111,177,0.7562,0.194190,,,
749,12.6099,-1.5488,-68.2738,174,0.6993,0.194308,,,
750,12.6267,-1.4844,-69.5821,180,0.7076,0.194259,,,
751,12.6435,-0.5829,-71.3425,169,0.8042,0.193702,,,
752,12.6604,-1.6775,-72.6753,169,0.6726,0.194349,,,
753,12.6772,-1.4556,-73.9342,177,0.7179,0.194278,,,
754,12.6940,-1.7652,-75.6419,174,0.6835,0.194287,,,
755,12.7109,-1.5042,-77.2155,166,0.7954,0.194152,,,
756,12.7277,-1.5878,-78.8316,174,0.7255,0.194190,,,
757,12.7446,-1.5138,-80.3615,172,0.7789,0.194020,,,
758,12.7614,-1.7244,-82.0910,166,0.7929,0.194378,,,
759,12.7782,-1.5984,-83.5895,168,0.7816,0.193892,,,
760,12.7951,-1.7765,-85.1247,166,0.8165,0.194613,,,
761,12.8119,-1.7688,-86.9155,162,0.7521,0.193947,,,
762,12.8287,-1.9734,-88.3672,160,0.7314,0.194360,,,
763,12.8456,-2.0174,-89.7553,165,0.7393,0.194344,,,
764,12.8624,-1.7857,-91.0899,173,0.7865,0.194273,,,
765,12.8792,-1.8929,-92.6368,158,0.6905,0.194147,,,
766,12.8961,-1.8015,-93.8799,170,0.8013,0.194220,,,
767,12.9129,-1.5503,-95.4440,151,0.7337,0.193843,,,
768,12.9297,-1.8690,-97.1998,158,0.7304,0.194022,,,
769,12.9466,-1.8858,-98.4285,165,0.8740,0.194209,,,
770,12.9634,-1.6481,-100.5328,156,0.8171,0.193998,,,
771,12.9803,-1.7722,-102.1869,157,0.8121,0.194056,,,
772,12.9971,-1.9057,-103.8510,156,0.8118,0.194250,,,
773,13.0139,-1.5612,-105.8831,148,0.7619,0.194086,,,
774,13.0308,-1.5603,-107.4685,155,0.8204,0.194035,,,
775,13.0476,-0.7285,-109.2824,145,0.8586,0.193720,,,
776,13.0644,-1.8355,-111.4565,136,0.9027,0.194262,,,
777,13.0813,-0.6697,-112.7942,127,0.8583,0.193620,,,
778,13.0981,-1.4928,-114.9080,142,0.9322,0.194385,,,
779,13.1149,-1.5941,-117.9166,119,0.8466,0.194397,,,
780,13.1318,-1.4854,-119.4693,138,0.7922,0.194361,,,
781,13.1486,-1.4288,-121.3027,149,0.8732,0.194804,,,
782,13.1654,-1.1439,-123.1345,149,0.8943,0.194343,,,
783,13.1823,-1.8186,-124.2641,160,0.8642,0.194647,,,
784,13.1991,-1.5540,-126.0739,157,0.8410,0.194728,,,
785,13.2160,-1.5862,-127.2236,171,0.8348,0.194402,,,
786,13.2328,-2.2365,-128.7326,165,0.7661,0.194691,,,
787,13.2496,-2.1900,-129.6094,172,0.7432,0.194636,,,
788,13.2665,-2.0343,-130.6174,157,0.7270,0.194794,,,
789,13.2833,-1.9343,-131.7403,150,0.7024,0.194523,,,
790,13.3001,-1.9792,-132.2996,171,0.8447,0.194456,,,
791,13.3170,-2.3017,-133.5929,139,0.5765,0.195139,,,
792,13.3338,-2.1523,-134.5370,139,0.6893,0.194888,,,
793,13.3506,-2.7663,-135.7036,154,0.6987,0.194888,,,
794,13.3675,-2.6047,-136.7431,155,0.7083,0.194782,,,
795,13.3843,-2.1386,-137.7810,142,0.6138,0.195272,,,
796,13.4011,-2.4984,-139.0904,145,0.7009,0.194723,,,
797,13.4180,-1.9598,-140.0269,166,0.7973,0.194514,,,
798,13.4348,-1.7946,-141.0370,161,0.7391,0.194666,,,
799,13.4517,-2.1796,-142.1950,150,0.6434,0.195084,,,
800,13.4685,-2.3645,-143.4130,153,0.7201,0.194953,,,
801,13.4853,-2.3561,-144.4668,159,0.7266,0.195001,,,
802,13.5022,-1.5504,-145.4993,137,0.7242,0.194292,,,
803,13.5190,-2.3253,-146.5263,150,0.6071,0.195074,,,
804,13.5358,-2.3592,-147.6164,151,0.6300,0.195038,,,
805,13.5527,-2.5798,-148.6982,155,0.6626,0.194995,,,
806,13.5695,-2.7947,-149.9899,152,0.6486,0.195143,,,
807,13.5863,-2.5764,-150.9679,159,0.7901,0.194655,,,
808,13.6032,-2.5994,-152.5816,138,0.5992,0.195079,,,
809,13.6200,-2.2405,-153.9969,144,0.6719,0.194827,,,
810,13.6368,-2.2069,-155.6509,137,0.5940,0.195045,,,
811,13.6537,-2.2302,-157.1331,143,0.6758,0.194939,,,
812,13.6705,-1.8044,-158.8230,145,0.7896,0.194351,,,
813,13.6874,-2.3351,-160.5649,142,0.7474,0.194766,,,
814,13.7042,-2.8093,-162.5485,135,0.7090,0.195383,,,
815,13.7210,-1.9931,-164.3274,126,0.6517,0.195111,,,
816,13.7379,-2.8587,-166.4274,135,0.7833,0.195027,,,
817,13.7547,-1.8603,-167.7676,132,0.8551,0.194083,,,
818,13.7715,-1.7744,-169.9369,127,0.7260,0.194937,,,
819,13.7884,-2.2257,-171.7667,125,0.6919,0.195225,,,
820,13.8052,-1.8565,-173.3331,129,0.6892,0.194678,,,
821,13.8220,-2.3783,-174.8397,128,0.6205,0.195128,,,
822,13.8389,-1.8438,-176.1198,128,0.7362,0.194009,,,
823,13.8557,-2.4967,-177.2603,131,0.5555,0.194996,,,
824,13.8725,-3.0918,-178.4370,136,0.6404,0.195154,,,
825,13.8894,-3.3956,-179.3152,135,0.6439,0.195364,,,
826,13.9062,-2.9016,-180.1032,135,0.6483,0.194786,,,
827,13.9230,-2.9870,-181.0655,128,0.5633,0.195196,,,
828,13.9399,-2.8842,-182.0348,124,0.5669,0.195100,,,
829,13.9567,-2.7072,-182.8419,124,0.5322,0.194847,,,
830,13.9736,-3.2094,-183.8776,127,0.5499,0.195086,,,
831,13.9904,-2.8011,-184.6241,123,0.5302,0.195149,,,
832,14.0072,-2.7770,-185.3308,123,0.5108,0.195030,,,
833,14.0241,-2.9932,-185.8768,128,0.6164,0.194778,,,
834,14.0409,-2.8209,-186.7868,124,0.5049,0.195048,,,
835,14.0577,-2.8787,-187.4317,124,0.4972,0.195063,,,
836,14.0746,-3.0832,-188.1768,124,0.4983,0.195186,,,
837,14.0914,-2.9202,-188.7369,128,0.5949,0.194718,,,
838,14.1082,-3.1241,-189.4450,128,0.5482,0.195038,,,
839,14.1251,-2.9678,-190.0926,124,0.4872,0.195051,,,
840,14.1419,-3.2037,-190.7007,129,0.5853,0.194870,,,
841,14.1587,-2.9497,-191.4525,123,0.4914,0.195084,,,
842,14.1756,-2.8487,-192.1001,121,0.5401,0.195123,,,
843,14.1924,-3.0424,-192.8923,117,0.4762,0.195096,,,
844,14.2093,-2.8739,-193.5561,122,0.6023,0.194607,,,
845,14.2261,-2.8743,-194.2986,121,0.5517,0.194719,,,
846,14.2429,-2.9273,-195.0988,121,0.5673,0.194908,,,
847,14.2598,-2.7673,-195.9059,122,0.6335,0.194550,,,
848,14.2766,-3.0674,-196.7470,121,0.5574,0.195001,,,
849,14.2934,-2.9794,-197.5155,116,0.4604,0.195030,,,
850,14.3103,-3.1742,-198.3773,117,0.4840,0.195134,,,
851,14.3271,-3.0477,-198.9868,116,0.4577,0.195096,,,
852,14.3439,-2.8548,-199.5507,114,0.4793,0.195295,,,
853,14.3608,-2.9216,-200.0370,116,0.4954,0.195161,,,
854,14.3776,-3.0285,-200.5001,117,0.4524,0.195016,,,
855,14.3944,-3.2084,-200.9355,122,0.5563,0.195005,,,
856,14.4113,-3.0357,-201.3496,111,0.4870,0.195434,,,
857,14.4281,-3.1096,-201.4950,120,0.5593,0.195019,,,
858,14.4450,-2.9142,-201.6667,118,0.5309,0.194998,,,
859,14.4618,-2.7994,-201.8026,114,0.4997,0.195239,,,
860,14.4786,-2.8181,-201.8609,113,0.4992,0.195264,,,
861,14.4955,-2.9973,-201.9064,116,0.5251,0.195050,,,
862,14.5123,-2.8198,-201.8498,115,0.4991,0.195019,,,
863,14.5291,-2.6987,-201.8519,114,0.4635,0.195137,,,
864,14.5460,-2.9450,-201.8583,115,0.4708,0.195040,,,
865,14.5628,-2.7172,-201.7602,113,0.4478,0.195065,,,
866,14.5796,-2.9379,-201.7709,115,0.4687,0.195019,,,
867,14.5965,-3.5991,-202.0533,115,0.5128,0.195385,,,
868,14.6133,-3.3781,-201.7178,114,0.4706,0.195361,,,
869,14.6301,-3.1991,-201.7526,115,0.4805,0.195070,,,
870,14.6470,-3.0846,-201.6724,119,0.5263,0.194993,,,
871,14.6638,-3.0460,-201.6713,116,0.4708,0.195094,,,
872,14.6807,-2.8426,-201.6312,117,0.4766,0.195141,,,
873,14.6975,-2.7021,-201.6294,114,0.4690,0.195250,,,
874,14.7143,-2.7859,-201.5594,117,0.4928,0.195098,,,
875,14.7312,-2.7569,-201.5573,117,0.5022,0.195097,,,
876,14.7480,-2.6347,-201.5053,116,0.4732,0.195088,,,
877,14.7648,-2.8688,-201.4751,121,0.5675,0.195162,,,
878,14.7817,-2.4862,-201.2531,120,0.5772,0.194820,,,
879,14.7985,-2.6553,-201.2015,119,0.5132,0.195046,,,
880,14.8153,-2.6107,-201.2076,116,0.4657,0.195197,,,
881,14.8322,-2.9257,-201.1906,118,0.4813,0.195103,,,
882,14.8490,-2.8017,-201.0616,120,0.5303,0.194815,,,
883,14.8658,-2.7238,-201.1216,116,0.4617,0.195207,,,
884,14.8827,-3.0425,-201.2096,117,0.4984,0.195109,,,
885,14.8995,-2.8985,-201.0956,116,0.4266,0.195104,,,
886,14.9163,-2.8739,-201.0426,120,0.5189,0.194929,,,
887,14.9332,-2.9775,-201.0474,118,0.4802,0.195124,,,
888,14.9500,-2.9436,-201.0186,116,0.4478,0.195154,,,
889,14.9669,-2.9541,-200.9399,120,0.5110,0.195051,,,
890,14.9837,-3.0989,-200.9639,121,0.6487,0.194718,,,
891,15.0005,-2.9831,-200.9110,118,0.4973,0.195051,,,
892,15.0174,-3.4612,-201.1061,117,0.5063,0.195231,,,
893,15.0342,-2.9393,-200.9023,116,0.4716,0.195153,,,
894,15.0510,-3.0346,-200.8351,118,0.4792,0.195087,,,
895,15.0679,-2.9679,-200.8189,116,0.4572,0.195224,,,
896,15.0847,-2.9735,-200.7171,118,0.4861,0.195184,,,
897,15.1015,-2.6194,-200.7052,116,0.4694,0.195254,,,
898,15.1184,-2.8935,-200.6798,116,0.4476,0.195217,,,
899,15.1352,-2.9611,-200.6841,117,0.4750,0.195250,,,
900,15.1520,-3.0419,-200.5988,119,0.4900,0.195139,,,
901,15.1689,-2.8249,-200.4746,118,0.4735,0.195099,,,
902,15.1857,-2.6972,-200.5154,116,0.4290,0.195361,,,
903,15.2026,-2.6961,-200.4421,117,0.4578,0.195214,,,
904,15.2194,-2.6212,-200.3714,117,0.4560,0.195294,,,
905,15.2362,-2.3863,-200.2399,116,0.4763,0.195252,,,
906,15.2531,-2.5069,-200.1669,117,0.4802,0.195255,,,
907,15.2699,-2.2305,-200.0172,115,0.4615,0.195303,,,
908,15.2867,-2.5614,-199.8676,116,0.4704,0.195147,,,
909,15.3036,-2.7439,-199.7075,118,0.4906,0.195206,,,
910,15.3204,-2.6662,-199.5303,115,0.4610,0.195246,,,
911,15.3372,-2.4373,-199.2580,117,0.4587,0.195261,,,
912,15.3541,-2.3250,-199.0223,116,0.4797,0.195329,,,
913,15.3709,-2.1847,-198.6125,117,0.4820,0.195279,,,
914,15.3877,-2.0200,-198.1756,116,0.4886,0.195362,,,
915,15.4046,-2.3845,-197.8170,117,0.4675,0.195466,,,
916,15.4214,-2.4227,-197.3375,118,0.4871,0.195557,,,
917,15.4383,-1.9447,-196.6972,118,0.4906,0.195434,,,
918,15.4551,-1.6713,-196.2294,120,0.5263,0.195404,,,
919,15.4719,-1.3735,-195.8825,117,0.4941,0.195518,,,
920,15.4888,-1.2250,-195.5072,118,0.4911,0.195488,,,
921,15.5056,-1.0967,-195.1310,119,0.4952,0.195409,,,
922,15.5224,-1.1541,-194.7176,120,0.4988,0.195378,,,
923,15.5393,-1.1066,-194.2926,117,0.4733,0.195500,,,
924,15.5561,-0.9804,-193.7876,119,0.5242,0.195484,,,
925,15.5729,-1.6040,-193.3481,118,0.5167,0.195602,,,
926,15.5898,-1.5085,-192.4924,123,0.6089,0.195306,,,
927,15.6066,-1.6417,-191.7536,124,0.6253,0.195416,,,
928,15.6234,-1.6916,-190.6235,125,0.7068,0.195401,,,
929,15.6403,-1.6876,-188.8512,118,0.7736,0.195450,,,
930,15.6571,-1.8040,-187.1389,119,0.6150,0.195409,,,
931,15.6740,-1.8664,-185.3975,124,0.6480,0.195205,,,
932,15.6908,-2.8502,-184.2824,115,0.7504,0.195543,,,
933,15.7076,-3.0278,-182.4688,110,0.7808,0.195106,,,
934,15.7245,-2.9646,-180.4170,126,0.7889,0.195412,,,
935,15.7413,-3.1835,-178.4232,120,0.8093,0.195890,,,
936,15.7581,-1.5411,-175.1554,106,0.8435,0.194590,,,
937,15.7750,-2.5450,-173.6020,107,0.8245,0.195572,,,
938,15.7918,-2.5492,-171.3319,116,0.8485,0.195093,,,
939,15.8086,-2.5410,-169.4035,118,0.8458,0.195632,,,
940,15.8255,-0.5150,-166.1243,108,0.8526,0.194140,,,
941,15.8423,-1.5351,-164.3428,111,0.8463,0.194422,,,
942,15.8591,-0.7031,-161.0209,82,0.8818,0.193595,,,
943,15.8760,-2.8382,-159.5317,66,0.8373,0.195285,,,
944,15.8928,-1.0436,-158.9749,45,0.8136,0.193993,,,
945,15.9097,-0.7572,-154.3112,57,0.9336,0.194177,,,
946,15.9265,-0.9905,-151.9289,61,0.8756,0.195399,,,
947,15.9433,-1.1749,-148.9781,55,0.8392,0.194829,,,
948,15.9602,-5.0061,-145.9804,57,0.9603,0.196732,,,
949,15.9770,-1.7838,-142.8537,71,0.9901,0.194352,,,
950,15.9938,-1.8250,-139.8062,73,0.8881,0.194790,,,
951,16.0107,-1.6178,-137.0237,82,0.8629,0.194817,,,
952,16.0275,-1.6902,-134.5178,104,0.8935,0.194801,,,
953,16.0443,-0.9629,-132.0546,91,0.8769,0.194369,,,
954,16.0612,-1.4762,-130.3879,93,0.9432,0.194887,,,
955,16.0780,-1.5230,-127.5872,102,0.8673,0.195112,,,
956,16.0948,-2.3668,-125.2546,98,0.8680,0.195689,,,
957,16.1117,-0.3237,-121.2188,107,0.8811,0.194191,,,
958,16.1285,-0.0669,-118.7712,114,0.9637,0.193981,,,
959,16.1453,-2.8185,-117.4482,55,0.8472,0.197160,,,
960,16.1622,-1.8511,-113.7379,80,0.8683,0.194965,,,
961,16.1790,-1.3518,-111.2433,86,0.8988,0.194735,,,
962,16.1959,-1.6376,-108.3286,105,0.8431,0.195028,,,
963,16.2127,-0.6987,-105.3023,108,0.8932,0.194327,,,
964,16.2295,-1.6842,-103.5432,91,0.9749,0.194937,,,
965,16.2464,-0.5204,-100.3372,116,0.9232,0.194115,,,
966,16.2632,-1.4229,-98.6718,99,0.9092,0.194865,,,
967,16.2800,-1.0744,-95.7914,106,0.9617,0.194633,,,
968,16.2969,-0.6685,-93.6090,104,0.8762,0.194171,,,
969,16.3137,-1.4500,-90.7157,114,0.9399,0.194959,,,
970,16.3305,-0.9165,-88.4299,99,0.9084,0.194643,,,
971,16.3474,-1.6325,-86.6534,109,0.8486,0.195232,,,
972,16.3642,0.5366,-83.4673,114,0.9467,0.193543,,,
973,16.3810,-1.1986,-81.7616,77,0.8437,0.195080,,,
974,16.3979,-1.7172,-79.1173,103,0.8079,0.195379,,,
975,16.4147,-1.6368,-76.4899,105,0.8753,0.195348,,,
976,16.4316,-0.7039,-73.2158,92,0.8979,0.194670,,,
977,16.4484,0.1616,-70.8792,94,0.8627,0.193891,,,
978,16.4652,-0.8158,-68.4453,68,0.8620,0.194773,,,
979,16.4821,0.2546,-65.4105,74,0.9029,0.193673,,,
980,16.4989,-1.5910,-62.4609,86,0.9001,0.195117,,,
981,16.5157,-1.3713,-60.1400,93,0.9158,0.194794,,,
982,16.5326,-1.4327,-57.4895,109,0.9116,0.194861,,,
983,16.5494,-1.5505,-55.8074,117,0.9034,0.194763,,,
984,16.5662,-1.9283,-52.9851,131,0.8419,0.194965,,,
985,16.5831,-1.1855,-50.0467,150,0.8770,0.194491,,,
986,16.5999,-1.7336,-47.7247,147,0.8552,0.194968,29,0.8006,1.1941
987,16.6167,-0.8548,-45.3754,155,0.8311,0.194480,32,0.6670,0.5433
988,16.6336,-0.6942,-43.1341,152,0.8711,0.194674,34,0.7052,0.6669
989,16.6504,-1.2495,-40.9588,157,0.8421,0.194942,42,0.8656,0.8728
990,16.6673,-0.6376,-38.9257,182,0.7354,0.194586,54,0.7589,0.2598
991,16.6841,-0.8207,-36.8467,170,0.6798,0.194464,62,0.7576,0.1459
992,16.7009,-0.6227,-34.9172,169,0.6992,0.194317,68,0.7018,0.2497
993,16.7178,-0.8513,-32.7338,172,0.7030,0.194572,69,0.7363,0.4401
994,16.7346,-0.5703,-30.4935,174,0.8072,0.194633,72,0.7489,0.7033
995,16.7514,-0.7976,-28.3670,167,0.6579,0.194570,79,0.7435,0.5202
996,16.7683,-0.5162,-26.1248,181,0.8200,0.194326,87,0.7735,0.4430
997,16.7851,-0.9613,-24.1969,167,0.7384,0.194521,94,0.7676,0.3724
998,16.8019,-0.2625,-22.5112,175,0.7807,0.193951,98,0.7068,0.6560
999,16.8188,-0.8749,-20.4982,169,0.7116,0.194433,97,0.7064,0.4806
1000,16.8356,-0.5728,-18.6671,164,0.8235,0.193922,103,0.6968,0.5305
1001,16.8524,-0.9288,-16.7532,160,0.6689,0.194305,102,0.7399,0.1515
1002,16.8693,-1.2685,-14.8642,156,0.6661,0.194603,114,0.7558,0.6776
1003,16.8861,-0.9136,-12.7469,161,0.6821,0.194587,111,0.7119,0.0488
1004,16.9030,-1.1224,-10.6824,158,0.7158,0.194479,116,0.7273,0.3657
1005,16.9198,-0.0087,-9.2588,142,0.7284,0.193227,114,0.7292,0.9181
1006,16.9366,-1.0276,-6.4129,144,0.6728,0.194172,120,0.7604,0.2990
1007,16.9535,-0.6560,-4.4297,148,0.7046,0.194054,124,0.7604,0.1847
1008,16.9703,-0.9296,-1.9261,84,0.7634,0.193860,69,0.8185,0.1777
1009,16.9871,0.2001,1.0452,87,0.8765,0.192190,66,0.7782,1.1417
1010,17.0040,-0.4519,3.3610,92,0.8855,0.193162,90,0.8375,0.6677
1011,17.0208,-1.1610,5.9706,113,0.7971,0.194338,132,0.8265,0.2669
1012,17.0376,-1.1080,7.8208,116,0.8125,0.194198,124,0.8192,0.0472
1013,17.0545,-0.5130,9.7918,118,0.7548,0.193458,156,0.7891,0.6098
1014,17.0713,-1.5954,11.6238,128,0.7613,0.194018,151,0.7668,0.5590
1015,17.0881,-0.7383,13.1041,127,0.7934,0.194241,141,0.8086,0.2866
1016,17.1050,-0.8154,14.3338,127,0.7202,0.194003,152,0.6719,0.0483
1017,17.1218,-1.2088,15.6824,125,0.7358,0.193818,151,0.7320,0.6656
1018,17.1386,-0.7424,17.4190,125,0.6591,0.194003,155,0.7392,0.4358
1019,17.1555,-0.0998,18.6678,126,0.7369,0.193873,151,0.7346,0.2929
1020,17.1723,-0.2165,20.3997,127,0.6677,0.193810,146,0.7011,0.2600
1021,17.1892,-0.2659,22.0022,129,0.7022,0.193400,148,0.7027,0.2074
1022,17.2060,0.3697,22.7478,128,0.7011,0.193243,148,0.6898,0.8735
1023,17.2228,-0.3779,24.2863,131,0.6395,0.193697,160,0.7118,0.1820
1024,17.2397,0.1751,25.3877,133,0.6909,0.193268,148,0.6822,0.4884
1025,17.2565,0.2235,26.3062,135,0.6980,0.193406,149,0.6610,0.6314
1026,17.2733,-0.3408,27.5897,133,0.6354,0.193715,155,0.6783,0.1034
1027,17.2902,-0.6677,28.7444,134,0.6172,0.193693,155,0.6595,0.3309
1028,17.3070,-0.5525,29.6711,128,0.6233,0.193672,155,0.7734,0.1897
1029,17.3238,-0.3442,30.4667,127,0.6028,0.193609,147,0.6237,0.1360
1030,17.3407,-0.5326,31.3790,126,0.5647,0.193864,150,0.6147,0.2579
1031,17.3575,-0.0233,31.9773,127,0.5870,0.193670,150,0.6412,0.2547
1032,17.3743,-0.0162,32.7102,129,0.6306,0.193688,159,0.5962,0.1716
1033,17.3912,-0.3937,33.5272,123,0.5409,0.193981,147,0.6133,0.1593
1034,17.4080,0.0677,33.8623,130,0.5696,0.193935,156,0.6082,0.2697
1035,17.4249,-0.1402,34.1944,128,0.5293,0.193902,159,0.5953,0.0563
1036,17.4417,0.0480,34.4667,128,0.4840,0.193902,159,0.6243,0.0629
1037,17.4585,0.2561,34.5744,128,0.4859,0.193877,159,0.6102,0.0461
1038,17.4754,0.1115,34.6901,128,0.4869,0.194195,144,0.5912,0.0410
1039,17.4922,0.5257,34.5983,128,0.4988,0.193858,145,0.5797,0.4454
1040,17.5090,0.2599,34.6046,128,0.4489,0.194048,158,0.5632,0.0971
1041,17.5259,0.2341,34.5451,128,0.4733,0.194053,160,0.5880,0.2072
1042,17.5427,-0.2534,34.5709,126,0.4364,0.194061,159,0.5949,0.0676
1043,17.5595,-0.6302,34.5901,125,0.4430,0.194358,158,0.5896,0.2975
1044,17.5764,-0.3373,34.4533,126,0.4613,0.193875,160,0.6179,0.1397
1045,17.5932,-0.6845,34.4662,125,0.4264,0.193964,147,0.5991,0.1188
1046,17.6100,-0.9483,34.4667,125,0.4222,0.194057,155,0.5780,0.1358
1047,17.6269,-0.7380,34.3401,127,0.5958,0.194311,157,0.5846,0.2810
1048,17.6437,-1.3573,34.3229,124,0.4013,0.194149,158,0.5805,0.2301
1049,17.6606,-1.4020,34.1929,125,0.4125,0.194067,157,0.5692,0.1572
1050,17.6774,-1.3170,34.0912,126,0.3597,0.194021,159,0.5403,0.1174
1051,17.6942,-1.2335,34.0400,126,0.3665,0.194040,157,0.5031,0.1325
1052,17.7111,-1.1472,33.9240,126,0.3955,0.194108,155,0.5109,0.0862
1053,17.7279,-1.1471,33.8338,126,0.3840,0.194114,152,0.5580,0.0976
1054,17.7447,-1.0478,33.6943,126,0.3942,0.194201,156,0.5394,0.0609
1055,17.7616,-1.0393,33.6159,126,0.3837,0.194074,160,0.6143,0.0710
1056,17.7784,-0.9123,33.4191,126,0.4071,0.194168,161,0.6132,0.0768
1057,17.7952,-0.6876,33.2093,127,0.4535,0.194122,156,0.5246,0.2567
1058,17.8121,-1.0407,33.0465,126,0.3937,0.194250,148,0.5636,0.0507
1059,17.8289,-0.9906,32.7550,126,0.3992,0.194232,156,0.5455,0.0532
1060,17.8457,-1.2109,32.3909,126,0.4288,0.194292,157,0.5381,0.1520
1061,17.8626,-1.4585,31.9967,126,0.4085,0.194297,159,0.5525,0.1675
1062,17.8794,-1.6190,31.4202,126,0.4064,0.194119,146,0.6297,0.0163
1063,17.8963,-1.7206,30.6996,126,0.4037,0.194191,151,0.6446,0.0357
1064,17.9131,-1.6812,29.9376,126,0.4265,0.194218,160,0.6587,0.1775
1065,17.9299,-1.6611,29.3377,126,0.4186,0.194388,157,0.6438,0.2153
1066,17.9468,-1.6356,28.5556,128,0.4836,0.194633,157,0.6395,0.3672
1067,17.9636,-1.6072,27.8399,130,0.5581,0.194660,151,0.6583,0.0542
1068,17.9804,-1.7504,27.0785,132,0.5268,0.194350,159,0.7032,0.2588
1069,17.9973,-1.4788,26.1528,136,0.5910,0.194120,162,0.7043,0.2234
1070,18.0141,-1.8820,25.3822,132,0.4982,0.194592,161,0.6704,0.0508
1071,18.0309,-1.9173,24.3396,132,0.5736,0.194434,160,0.6541,0.0965
1072,18.0478,-1.3881,22.9742,132,0.6885,0.193913,152,0.6897,0.4596
1073,18.0646,-1.1706,21.5425,125,0.6538,0.194057,152,0.7393,0.6368
1074,18.0814,-2.2059,20.1535,120,0.7989,0.194678,143,0.7894,0.5260
1075,18.0983,-1.7319,18.1960,109,0.7235,0.194660,124,0.8209,0.0946
1076,18.1151,-2.5661,16.0961,109,0.8091,0.195024,133,0.8419,1.0645
1077,18.1320,-0.4454,14.2302,94,0.8691,0.194434,127,0.8468,1.0512
1078,18.1488,0.6024,11.7070,70,0.9891,0.192436,98,0.8572,1.9986
1079,18.1656,-0.2581,9.5901,77,0.9186,0.193329,98,0.9390,1.3151
1080,18.1825,-1.0510,6.6723,57,0.7670,0.196074,82,0.7332,2.3949
1081,18.1993,-0.2323,3.1409,67,1.0540,0.192745,44,0.8973,1.2674
1082,18.2161,0.2052,0.0988,64,0.9138,0.193934,95,0.9529,1.5139
1083,18.2330,-1.1442,-3.8227,80,0.8749,0.195049,55,0.8827,0.9166
1084,18.2498,-0.5794,-6.9518,64,0.9741,0.192873,63,0.9368,1.0764
1085,18.2666,-1.6734,-9.8085,72,0.7675,0.195798,59,0.9001,0.1802
1086,18.2835,-1.3162,-10.9485,76,0.9699,0.194524,54,0.9953,3.0074
1087,18.3003,-1.0333,-15.3993,112,0.9524,0.193879,74,0.9018,0.4245
1088,18.3171,-1.3278,-18.6669,63,0.8721,0.194503,61,0.9690,0.8626
1089,18.3340,-1.6298,-23.4676,50,0.9285,0.194453,46,0.9540,2.1564
1090,18.3508,-0.3698,-27.0581,53,0.9904,0.193530,34,0.8193,1.0121
1091,18.3676,-2.0159,-29.9307,160,0.8344,0.194524,74,0.7870,0.2069
1092,18.3845,-1.3861,-32.9989,166,0.8362,0.194267,56,0.7830,0.6895
1093,18.4013,-1.1833,-36.2001,170,0.8206,0.194351,57,0.7601,0.8505
1094,18.4182,-1.3473,-39.3020,169,0.8196,0.194477,50,0.7649,0.1944
1095,18.4350,-1.5485,-42.4383,164,0.8184,0.194432,36,0.6564,1.8162
1096,18.4518,-1.3248,-45.2656,170,0.8065,0.194614,29,0.6026,1.3995
1097,18.4687,-1.4028,-48.1100,174,0.8330,0.194731,,,
1098,18.4855,-2.0612,-51.2110,160,0.7661,0.194904,,,
1099,18.5023,-1.8955,-54.0927,157,0.7538,0.194722,,,
1100,18.5192,-1.3159,-56.6150,174,0.7837,0.194539,,,
1101,18.5360,-1.5830,-59.6146,181,0.8120,0.194547,,,
1102,18.5528,-1.9190,-62.5606,179,0.8180,0.194892,,,
1103,18.5697,-1.3554,-65.5948,165,0.8542,0.194262,,,
1104,18.5865,-1.7876,-69.3685,167,0.7878,0.194443,,,
1105,18.6033,-1.5722,-72.3980,163,0.7610,0.194255,,,
1106,18.6202,-1.1702,-75.8721,165,0.8217,0.194298,,,
1107,18.6370,-1.1094,-79.2446,156,0.8350,0.194358,,,
1108,18.6539,-1.4720,-82.7150,154,0.7426,0.194404,,,
1109,18.6707,-0.3515,-86.0839,148,0.8334,0.193937,,,
1110,18.6875,-0.7430,-89.2114,171,0.9029,0.194381,,,
1111,18.7044,-1.5831,-92.3666,164,0.8139,0.194875,,,
1112,18.7212,-1.2065,-95.5339,164,0.8714,0.194703,,,
1113,18.7380,-1.4141,-98.6940,172,0.8521,0.194693,,,
1114,18.7549,-1.2587,-101.6393,160,0.8490,0.194852,,,
1115,18.7717,-1.5119,-104.4023,164,0.8835,0.194917,,,
1116,18.7885,-1.5532,-107.5178,151,0.8161,0.194735,,,
1117,18.8054,-1.4989,-110.4269,160,0.7841,0.194563,,,
1118,18.8222,-1.2897,-112.8623,143,0.7126,0.194348,,,
1119,18.8390,-2.1370,-115.9277,152,0.7563,0.194879,,,
1120,18.8559,-2.0359,-118.2865,163,0.8123,0.194775,,,
1121,18.8727,-2.0862,-121.0316,157,0.7584,0.195508,,,
1122,18.8896,-2.2293,-123.8242,166,0.8612,0.195226,,,
1123,18.9064,-2.2106,-126.4719,158,0.7529,0.195492,,,
1124,18.9232,-1.9162,-128.8079,174,0.8264,0.194893,,,
1125,18.9401,-2.0668,-131.2724,150,0.6779,0.195462,,,
1126,18.9569,-2.7469,-133.3105,163,0.8497,0.195723,,,
1127,18.9737,-2.3258,-135.7949,159,0.7635,0.195164,,,
1128,18.9906,-2.6907,-138.2632,149,0.7368,0.195545,,,
1129,19.0074,-2.1147,-140.3448,151,0.6945,0.195731,,,
1130,19.0242,-2.3558,-142.3944,167,0.8336,0.195466,,,
1131,19.0411,-2.3946,-144.5393,147,0.6681,0.195643,,,
1132,19.0579,-2.0364,-146.4845,157,0.7917,0.195126,,,
1133,19.0747,-2.5046,-148.6845,154,0.7651,0.195453,,,
1134,19.0916,-2.4710,-151.0683,148,0.6301,0.195826,,,
1135,19.1084,-2.1896,-153.7356,142,0.6139,0.195633,,,
1136,19.1253,-2.4810,-156.3821,150,0.7268,0.195458,,,
1137,19.1421,-1.9671,-158.8812,140,0.6837,0.195590,,,
1138,19.1589,-2.5212,-161.2253,146,0.6564,0.195676,,,
1139,19.1758,-2.4353,-163.6231,136,0.5826,0.195831,,,
1140,19.1926,-2.6767,-165.8406,139,0.6125,0.195872,,,
1141,19.2094,-2.4501,-167.9616,139,0.5884,0.195560,,,
1142,19.2263,-2.5478,-170.1808,136,0.5395,0.195717,,,
1143,19.2431,-2.5379,-172.2066,137,0.5341,0.195624,,,
1144,19.2599,-2.3087,-173.9238,135,0.6748,0.194942,,,
1145,19.2768,-2.9825,-175.1281,128,0.7272,0.195182,,,
1146,19.2936,-2.8554,-176.5692,129,0.7018,0.195381,,,
1147,19.3104,-3.5996,-178.3292,129,0.7456,0.195726,,,
1148,19.3273,-3.1105,-179.3804,134,0.6367,0.195493,,,
1149,19.3441,-3.1770,-180.5077,132,0.6002,0.195746,,,
1150,19.3610,-3.4308,-181.3961,135,0.6339,0.195551,,,
1151,19.3778,-3.2691,-181.9908,131,0.5123,0.195753,,,
1152,19.3946,-3.2303,-182.3759,129,0.4936,0.195632,,,
1153,19.4115,-4.0441,-182.8862,132,0.6684,0.195599,,,
1154,19.4283,-3.4818,-182.6607,130,0.5315,0.195644,,,
1155,19.4451,-3.3580,-182.6982,127,0.4924,0.195533,,,
1156,19.4620,-3.5575,-182.7236,130,0.5427,0.195527,,,
1157,19.4788,-3.2798,-182.6623,128,0.5077,0.195485,,,
1158,19.4956,-3.3138,-182.5897,132,0.5512,0.195376,,,
1159,19.5125,-3.0762,-182.6678,125,0.4993,0.195717,,,
1160,19.5293,-2.9581,-182.5977,134,0.5631,0.195209,,,
1161,19.5461,-2.6363,-182.5600,130,0.6162,0.195151,,,
1162,19.5630,-2.6232,-182.5582,133,0.5323,0.195531,,,
1163,19.5798,-2.3813,-182.5000,135,0.5851,0.195483,,,
1164,19.5966,-2.0476,-182.5351,131,0.5174,0.195655,,,
1165,19.6135,-1.3459,-182.4158,127,0.4995,0.195707,,,
1166,19.6303,-1.3331,-182.3705,130,0.4797,0.195621,,,
1167,19.6472,-0.9323,-182.3901,130,0.5224,0.195642,,,
1168,19.6640,-0.6342,-182.2962,138,0.6415,0.195252,,,
1169,19.6808,-0.6393,-182.3035,134,0.5176,0.195584,,,
1170,19.6977,-0.5696,-182.2902,133,0.5086,0.195694,,,
1171,19.7145,-0.5812,-182.2209,135,0.5607,0.195356,,,
1172,19.7313,-0.6857,-182.2234,133,0.5215,0.195546,,,
1173,19.7482,-0.8328,-182.2216,132,0.5070,0.195428,,,
1174,19.7650,-1.2648,-182.3056,130,0.4640,0.195601,,,
1175,19.7818,-1.1227,-182.2589,129,0.4755,0.195517,,,
1176,19.7987,-1.2732,-182.2174,131,0.4868,0.195451,,,
1177,19.8155,-1.4474,-182.2129,130,0.4664,0.195404,,,
1178,19.8323,-1.6241,-182.1710,132,0.5139,0.195374,,,
1179,19.8492,-1.7276,-182.1760,132,0.4996,0.195391,,,
1180,19.8660,-1.5320,-182.1938,128,0.4729,0.195580,,,
1181,19.8829,-1.3784,-182.1137,130,0.4797,0.195443,,,
1182,19.8997,-1.3981,-182.0839,130,0.4809,0.195527,,,
1183,19.9165,-1.0660,-181.9394,134,0.5598,0.195418,,,
1184,19.9334,-1.3073,-181.9529,139,0.6219,0.195360,,,
1185,19.9502,-0.9929,-181.9042,132,0.4807,0.195394,,,
1186,19.9670,-0.9115,-181.8194,137,0.5639,0.195415,,,
1187,19.9839,-1.1350,-181.7865,130,0.4877,0.195375,,,
1188,20.0007,-1.3874,-181.7197,135,0.5629,0.195380,,,
1189,20.0175,-1.1238,-181.6396,133,0.5547,0.195283,,,
1190,20.0344,-1.3913,-181.5896,137,0.6075,0.195206,,,
1191,20.0512,-1.8512,-181.6999,138,0.6791,0.195046,,,
1192,20.0680,-1.9095,-181.6263,132,0.5084,0.195270,,,
1193,20.0849,-1.9366,-181.5545,132,0.5098,0.195283,,,
1194,20.1017,-2.1118,-181.5509,131,0.4799,0.195204,,,
1195,20.1186,-2.2274,-181.5045,131,0.4920,0.195248,,,
1196,20.1354,-2.3935,-181.2635,135,0.5743,0.195130,,,
1197,20.1522,-2.0653,-181.3855,131,0.5169,0.195210,,,
1198,20.1691,-2.2745,-181.3130,135,0.5635,0.195197,,,
1199,20.1859,-2.3586,-181.3248,133,0.5250,0.195178,,,
1200,20.2027,-2.1628,-181.3545,129,0.4704,0.195431,,,
1201,20.2196,-2.3829,-181.3627,132,0.6009,0.195421,,,
1202,20.2364,-1.8882,-181.1755,127,0.4921,0.195593,,,
1203,20.2532,-2.5612,-181.4053,134,0.6798,0.195475,,,
1204,20.2701,-1.8828,-181.0672,132,0.5360,0.195412,,,
1205,20.2869,-1.7791,-181.0447,131,0.5317,0.195382,,,
